"ID","Description","setSize","enrichmentScore","NES","pvalue","p.adjust","qvalue","rank","leading_edge","core_enrichment","core_enrichment_symbols","core_enrichment_ensembl"
"GO:0002250","adaptive immune response",394,-0.497880536308273,-2.63892305975356,3.52891626958145e-29,2.13075964357328e-25,1.68905076608283e-25,2716,"tags=42%, list=18%, signal=35%","149840/10538/3512/7784/29126/79168/3108/51010/6494/5971/941/10865/10459/6375/387357/1512/301/1379/8631/10312/3903/3109/10462/911/3821/563/151888/117157/202309/51311/1514/729230/3112/10990/338339/55611/64218/3115/127544/64421/3606/10859/1439/7942/2015/25865/3123/1520/114548/8832/54900/3592/84807/2210/9984/10288/27040/3251/54209/7133/695/2067/5788/57089/3662/5293/3702/6504/259307/4067/255231/11025/10068/608/246778/5294/3635/89857/920/54440/11006/3594/383/940/8320/80380/714/3120/3071/3265/10673/972/2207/56941/4049/942/51744/112441434/89790/22914/100528032/10666/2185/23495/84876/10148/5579/1445/713/50852/6693/3458/5777/2209/917/910/962/64092/1493/712/84868/50615/57823/4068/925/50943/973/725/930/100423062/7535/30009/926/7462/923/5133/27240/3718/6363/3569/7186/4063/7454/939/114836/919/3824/64005/916/84174/5551/257101/3581/733/3004/913/915/3822/29108/100141515/2529/924/3902/909","SHLD1/BATF/JCHAIN/ZP3/CD274/LILRA6/HLA-DMA/EXOSC3/SIPA1/RELB/CD80/ARID5A/MAD2L2/XCL1/THEMIS/CTSH/ANXA1/CR1L/SKAP1/TCIRG1/LAIR1/HLA-DMB/CLEC10A/CD1C/KLRC1/AZGP1/BTLA/SH2D1B/GAPT/TLR8/CTSL/CCR2/HLA-DOB/LILRB5/CLEC4D/OTUB1/SEMA4A/HLA-DPB1/RNF19B/DCLRE1C/IL18/LILRB1/CSF2RB/TFEB/ADGRE1/PRKD2/HLA-DRB1/CTSS/NLRP3/CD84/LAX1/IL12A/NFKBID/FCGR1BP/THOC1/LILRB2/LAT/HPRT1/TREM2/TNFRSF1B/BTK/ERCC1/PTPRC/ENTPD7/IRF4/PIK3CD/ITK/SLAMF1/IL4I1/LYN/MCOLN2/LILRB3/IL18BP/TNFRSF17/IL27/PIK3CG/INPP5D/KLHL6/CD4/SASH3/LILRB4/IL12RB1/ARG1/CD28/EOMES/PDCD1LG2/C1QC/HLA-DQB2/NCKAP1L/HRAS/TNFSF13B/CD74/FCER1G/HMCES/LTA/CD86/CD244/SHLD3/SIGLEC10/KLRK1/KLRC4-KLRK1/CD226/PTK2B/TNFRSF13B/ORAI1/EBI3/PRKCB/CSK/C1QB/TRAT1/SPN/IFNG/PTPN6/FCGR1A/CD3G/CD1B/CD48/SAMSN1/CTLA4/C1QA/HAVCR2/IL21R/SLAMF7/SH2D1A/CD8A/FOXP3/CD79A/C4BPB/CD19/IGLL5/ZAP70/TBX21/CD8B/LAT2/CD6/PDCD1/SIT1/JAK3/CCL19/IL6/TRAF2/LY9/WAS/CD27/SLAMF6/CD247/KLRD1/MYO1G/CD3E/SLA2/PRF1/ZNF683/IL9R/C8G/GZMM/CD1E/CD3D/KLRC2/PYCARD/C17orf99/FUT7/CD7/LAG3/CD1A","ENSG00000171984/ENSG00000156127/ENSG00000132465/ENSG00000188372/ENSG00000120217/ENSG00000244482/ENSG00000275539/ENSG00000277177/ENSG00000274148/ENSG00000275584/ENSG00000204257/ENSG00000239463/ENSG00000242361/ENSG00000241394/ENSG00000243189/ENSG00000243215/ENSG00000243719/ENSG00000242685/ENSG00000107371/ENSG00000213445/ENSG00000104856/ENSG00000121594/ENSG00000196843/ENSG00000116670/ENSG00000143184/ENSG00000172673/ENSG00000275122/ENSG00000103811/ENSG00000135046/ENSG00000197721/ENSG00000141293/ENSG00000110719/ENSG00000167613/ENSG00000276163/ENSG00000278154/ENSG00000274110/ENSG00000276053/ENSG00000242574/ENSG00000242386/ENSG00000242092/ENSG00000234154/ENSG00000241296/ENSG00000241674/ENSG00000226264/ENSG00000239329/ENSG00000132514/ENSG00000158481/ENSG00000134545/ENSG00000160862/ENSG00000186265/ENSG00000198574/ENSG00000175857/ENSG00000101916/ENSG00000135047/ENSG00000121807/ENSG00000241106/ENSG00000243612/ENSG00000241910/ENSG00000241386/ENSG00000243496/ENSG00000239457/ENSG00000105609/ENSG00000273991/ENSG00000274311/ENSG00000278437/ENSG00000277414/ENSG00000166527/ENSG00000167770/ENSG00000196189/ENSG00000223865/ENSG00000236693/ENSG00000230708/ENSG00000229295/ENSG00000226826/ENSG00000215048/ENSG00000230763/ENSG00000237710/ENSG00000116514/ENSG00000152457/ENSG00000150782/ENSG00000104972/ENSG00000277807/ENSG00000276452/ENSG00000277134/ENSG00000274669/ENSG00000100368/ENSG00000112561/ENSG00000174837/ENSG00000105287/ENSG00000196126/ENSG00000229074/ENSG00000228080/ENSG00000206306/ENSG00000236884/ENSG00000206240/ENSG00000163131/ENSG00000162711/ENSG00000066294/ENSG00000122188/ENSG00000168811/ENSG00000167604/ENSG00000198019/ENSG00000079134/ENSG00000131042/ENSG00000277751/ENSG00000275463/ENSG00000274513/ENSG00000276146/ENSG00000213658/ENSG00000165704/ENSG00000095970/ENSG00000028137/ENSG00000010671/ENSG00000012061/ENSG00000081237/ENSG00000262418/ENSG00000198018/ENSG00000137265/ENSG00000171608/ENSG00000113263/ENSG00000117090/ENSG00000104951/ENSG00000254087/ENSG00000153898/ENSG00000204577/ENSG00000274587/ENSG00000275019/ENSG00000277816/ENSG00000137496/ENSG00000048462/ENSG00000197272/ENSG00000105851/ENSG00000168918/ENSG00000281614/ENSG00000172578/ENSG00000010610/ENSG00000122122/ENSG00000186818/ENSG00000276042/ENSG00000278279/ENSG00000275730/ENSG00000278555/ENSG00000096996/ENSG00000118520/ENSG00000178562/ENSG00000163508/ENSG00000197646/ENSG00000159189/ENSG00000232629/ENSG00000230675/ENSG00000226165/ENSG00000229493/ENSG00000228813/ENSG00000224305/ENSG00000228254/ENSG00000196610/ENSG00000123338/ENSG00000174775/ENSG00000276536/ENSG00000102524/ENSG00000019582/ENSG00000158869/ENSG00000183624/ENSG00000226979/ENSG00000230279/ENSG00000238130/ENSG00000231408/ENSG00000173503/ENSG00000223919/ENSG00000226275/ENSG00000114013/ENSG00000122223/ENSG00000253251/ENSG00000142512/ENSG00000213809/ENSG00000213809/ENSG00000150637/ENSG00000120899/ENSG00000240505/ENSG00000276045/ENSG00000105246/ENSG00000166501/ENSG00000103653/ENSG00000173369/ENSG00000163519/ENSG00000197471/ENSG00000111537/ENSG00000111679/ENSG00000150337/ENSG00000160654/ENSG00000158485/ENSG00000117091/ENSG00000155307/ENSG00000163599/ENSG00000173372/ENSG00000135077/ENSG00000103522/ENSG00000026751/ENSG00000183918/ENSG00000153563/ENSG00000049768/ENSG00000105369/ENSG00000123843/ENSG00000177455/ENSG00000254709/ENSG00000115085/ENSG00000073861/ENSG00000172116/ENSG00000086730/ENSG00000013725/ENSG00000188389/ENSG00000276977/ENSG00000137078/ENSG00000105639/ENSG00000172724/ENSG00000136244/ENSG00000127191/ENSG00000122224/ENSG00000015285/ENSG00000139193/ENSG00000162739/ENSG00000198821/ENSG00000134539/ENSG00000136286/ENSG00000198851/ENSG00000101082/ENSG00000180644/ENSG00000176083/ENSG00000124334/ENSG00000176919/ENSG00000197540/ENSG00000158488/ENSG00000167286/ENSG00000205809/ENSG00000103490/ENSG00000187997/ENSG00000180549/ENSG00000173762/ENSG00000089692/ENSG00000158477"
"GO:0009060","aerobic respiration",183,-0.545880418459112,-2.6602640421197,7.84032270086135e-19,7.31060689998791e-16,5.79510984366469e-16,2889,"tags=47%, list=19%, signal=39%","5018/4705/80025/29997/1350/7384/4723/84275/402/65990/54539/4537/1347/7415/4508/4509/59341/1345/84701/4709/10476/4700/522/3420/10632/4706/4716/7381/4519/30968/126328/790955/6390/4712/1716/10105/23479/27069/4708/4715/4513/26471/400916/4514/4710/4713/4696/4707/388753/92259/54949/7388/4718/513/2271/9377/6901/4725/2395/1327/2647/51079/6834/1349/4726/55967/539/4704/4728/9551/7386/1329/1340/11315/1351/4714/4702/29796/4694/4695/27089/1337/9016/6389/521/3421","OXA1L/NDUFA10/PANK2/NOP53/COX7C/UQCRC1/NDUFV1/SLC25A33/ARL2/ANTKMT/NDUFB11/ND3/COX7A2/VCP/ATP6/ATP8/TRPV4/COX6C/COX4I2/NDUFB3/ATP5PD/NDUFA6/ATP5PF/IDH3B/ATP5MG/NDUFAB1/NDUFB10/UQCRB/CYTB/STOML2/NDUFA11/UQCC3/SDHB/NDUFB6/DGUOK/PPIF/ISCU/GHITM/NDUFB2/NDUFB9/COX2/NUPR1/CHCHD10/COX3/NDUFB4/NDUFB7/NDUFA3/NDUFB1/COA6/MRPS36/SDHAF2/UQCRH/NDUFC2/ATP5F1D/FH/COX5A/TAFAZZIN/NDUFS5/FXN/COX4I1/BLOC1S1/NDUFA13/SURF1/COX7B/NDUFS6/NDUFA12/ATP5PO/NDUFA9/NDUFS8/ATP5MF/UQCRFS1/COX5B/COX6B1/PARK7/COX8A/NDUFB8/NDUFA8/UQCR10/NDUFA1/NDUFA2/UQCRQ/COX6A1/SLC25A14/SDHA/ATP5ME/IDH3G","ENSG00000155463/ENSG00000130414/ENSG00000125779/ENSG00000105373/ENSG00000127184/ENSG00000010256/ENSG00000167792/ENSG00000171612/ENSG00000213465/ENSG00000103254/ENSG00000147123/ENSG00000198840/ENSG00000112695/ENSG00000165280/ENSG00000198899/ENSG00000228253/ENSG00000111199/ENSG00000164919/ENSG00000131055/ENSG00000119013/ENSG00000167863/ENSG00000184983/ENSG00000272765/ENSG00000273397/ENSG00000277365/ENSG00000281013/ENSG00000154723/ENSG00000101365/ENSG00000167283/ENSG00000004779/ENSG00000140990/ENSG00000156467/ENSG00000198727/ENSG00000165283/ENSG00000174886/ENSG00000204922/ENSG00000117118/ENSG00000165264/ENSG00000114956/ENSG00000108179/ENSG00000136003/ENSG00000165678/ENSG00000090266/ENSG00000147684/ENSG00000198712/ENSG00000176046/ENSG00000250479/ENSG00000273607/ENSG00000198938/ENSG00000065518/ENSG00000099795/ENSG00000170906/ENSG00000273642/ENSG00000275724/ENSG00000278365/ENSG00000276766/ENSG00000276061/ENSG00000276220/ENSG00000277722/ENSG00000275605/ENSG00000274359/ENSG00000183648/ENSG00000168275/ENSG00000134056/ENSG00000278461/ENSG00000167985/ENSG00000173660/ENSG00000151366/ENSG00000099624/ENSG00000091483/ENSG00000178741/ENSG00000102125/ENSG00000168653/ENSG00000165060/ENSG00000131143/ENSG00000135441/ENSG00000186010/ENSG00000148290/ENSG00000280627/ENSG00000131174/ENSG00000145494/ENSG00000184752/ENSG00000241837/ENSG00000139180/ENSG00000110717/ENSG00000241468/ENSG00000169021/ENSG00000135940/ENSG00000126267/ENSG00000116288/ENSG00000176340/ENSG00000166136/ENSG00000119421/ENSG00000184076/ENSG00000125356/ENSG00000131495/ENSG00000164405/ENSG00000111775/ENSG00000102078/ENSG00000073578/ENSG00000169020/ENSG00000067829"
"GO:0015986","proton motive force-driven ATP synthesis",74,-0.670276852392829,-2.83317809288553,1.27752352386396e-15,4.82105439818163e-13,3.82164438355884e-13,3963,"tags=78%, list=26%, signal=59%","4539/374291/506/84277/514/509/4701/4722/4538/4724/4731/9556/4729/9605/4705/4723/65990/54539/4537/4508/4509/4709/10476/4700/522/10632/4706/4716/517/30968/126328/6390/4712/4708/4715/84833/518/4710/4713/4696/4707/4718/513/516/4725/51079/4726/55967/539/4704/4728/9551/4714/4702/4694/4695/6389/521","ND4L/NDUFS7/ATP5F1B/DNAJC30/ATP5F1E/ATP5F1C/NDUFA7/NDUFS3/ND4/NDUFS4/NDUFV3/ATP5MJ/NDUFV2/VPS9D1/NDUFA10/NDUFV1/ANTKMT/NDUFB11/ND3/ATP6/ATP8/NDUFB3/ATP5PD/NDUFA6/ATP5PF/ATP5MG/NDUFAB1/NDUFB10/ATP5MC2/STOML2/NDUFA11/SDHB/NDUFB6/NDUFB2/NDUFB9/ATP5MK/ATP5MC3/NDUFB4/NDUFB7/NDUFA3/NDUFB1/NDUFC2/ATP5F1D/ATP5MC1/NDUFS5/NDUFA13/NDUFS6/NDUFA12/ATP5PO/NDUFA9/NDUFS8/ATP5MF/NDUFB8/NDUFA8/NDUFA1/NDUFA2/SDHA/ATP5ME","ENSG00000212907/ENSG00000115286/ENSG00000110955/ENSG00000176410/ENSG00000124172/ENSG00000165629/ENSG00000267855/ENSG00000213619/ENSG00000285387/ENSG00000198886/ENSG00000164258/ENSG00000160194/ENSG00000156411/ENSG00000178127/ENSG00000075399/ENSG00000130414/ENSG00000167792/ENSG00000103254/ENSG00000147123/ENSG00000198840/ENSG00000198899/ENSG00000228253/ENSG00000119013/ENSG00000167863/ENSG00000184983/ENSG00000272765/ENSG00000273397/ENSG00000277365/ENSG00000281013/ENSG00000154723/ENSG00000167283/ENSG00000004779/ENSG00000140990/ENSG00000135390/ENSG00000165283/ENSG00000174886/ENSG00000117118/ENSG00000165264/ENSG00000090266/ENSG00000147684/ENSG00000173915/ENSG00000154518/ENSG00000065518/ENSG00000099795/ENSG00000170906/ENSG00000273642/ENSG00000275724/ENSG00000278365/ENSG00000276766/ENSG00000276061/ENSG00000276220/ENSG00000277722/ENSG00000275605/ENSG00000274359/ENSG00000183648/ENSG00000151366/ENSG00000099624/ENSG00000159199/ENSG00000168653/ENSG00000186010/ENSG00000145494/ENSG00000184752/ENSG00000241837/ENSG00000139180/ENSG00000110717/ENSG00000241468/ENSG00000166136/ENSG00000119421/ENSG00000125356/ENSG00000131495/ENSG00000073578/ENSG00000169020"
"GO:0001906","cell killing",145,-0.540362196471124,-2.55583720263543,8.23034328661356e-15,2.07061719852386e-12,1.64137591772947e-12,2408,"tags=42%, list=16%, signal=36%","6375/1512/1379/911/3821/563/5052/4843/127544/3606/10859/57817/3123/3592/1054/3251/5788/3594/383/6357/3071/23207/6845/146850/6283/3965/6813/10578/6688/22914/100528032/10666/259197/7305/3458/5777/2209/910/9437/84868/57823/4068/3820/56253/914/3805/26228/6223/11151/114836/4818/3824/10383/5551/3002/3004/913/3822/3902/909/4057","XCL1/CTSH/CR1L/CD1C/KLRC1/AZGP1/PRDX1/NOS2/RNF19B/IL18/LILRB1/HAMP/HLA-DRB1/IL12A/CEBPG/HPRT1/PTPRC/IL12RB1/ARG1/CCL13/NCKAP1L/PLEKHM2/VAMP7/PIK3R6/S100A12/LGALS9/STXBP2/GNLY/SPI1/KLRK1/KLRC4-KLRK1/CD226/NCR3/TYROBP/IFNG/PTPN6/FCGR1A/CD1B/NCR1/HAVCR2/SLAMF7/SH2D1A/KLRB1/CRTAM/CD2/KIR2DL4/STAP1/RPS19/CORO1A/SLAMF6/NKG7/KLRD1/TUBB4B/PRF1/GZMB/GZMM/CD1E/KLRC2/LAG3/CD1A/LTF","ENSG00000143184/ENSG00000103811/ENSG00000197721/ENSG00000158481/ENSG00000134545/ENSG00000160862/ENSG00000117450/ENSG00000007171/ENSG00000116514/ENSG00000150782/ENSG00000104972/ENSG00000277807/ENSG00000276452/ENSG00000277134/ENSG00000274669/ENSG00000105697/ENSG00000196126/ENSG00000229074/ENSG00000228080/ENSG00000206306/ENSG00000236884/ENSG00000206240/ENSG00000168811/ENSG00000153879/ENSG00000165704/ENSG00000081237/ENSG00000262418/ENSG00000096996/ENSG00000118520/ENSG00000181374/ENSG00000123338/ENSG00000116786/ENSG00000124333/ENSG00000276231/ENSG00000163221/ENSG00000168961/ENSG00000076944/ENSG00000268400/ENSG00000115523/ENSG00000066336/ENSG00000213809/ENSG00000213809/ENSG00000150637/ENSG00000204475/ENSG00000236315/ENSG00000206430/ENSG00000236979/ENSG00000237808/ENSG00000223833/ENSG00000225211/ENSG00000237103/ENSG00000011600/ENSG00000111537/ENSG00000111679/ENSG00000150337/ENSG00000158485/ENSG00000189430/ENSG00000277334/ENSG00000275521/ENSG00000276450/ENSG00000278025/ENSG00000277442/ENSG00000275637/ENSG00000277629/ENSG00000277824/ENSG00000278362/ENSG00000273916/ENSG00000273506/ENSG00000273535/ENSG00000274053/ENSG00000275156/ENSG00000275822/ENSG00000288651/ENSG00000284113/ENSG00000135077/ENSG00000026751/ENSG00000183918/ENSG00000111796/ENSG00000109943/ENSG00000116824/ENSG00000189013/ENSG00000276779/ENSG00000278074/ENSG00000275699/ENSG00000275732/ENSG00000278430/ENSG00000273575/ENSG00000275237/ENSG00000274189/ENSG00000276044/ENSG00000275848/ENSG00000274945/ENSG00000274193/ENSG00000277355/ENSG00000277964/ENSG00000277540/ENSG00000274955/ENSG00000273498/ENSG00000278271/ENSG00000277362/ENSG00000277750/ENSG00000277850/ENSG00000278606/ENSG00000275317/ENSG00000278201/ENSG00000275456/ENSG00000277076/ENSG00000276979/ENSG00000274609/ENSG00000274232/ENSG00000283961/ENSG00000283869/ENSG00000284365/ENSG00000284013/ENSG00000283986/ENSG00000284206/ENSG00000284457/ENSG00000284460/ENSG00000284340/ENSG00000284509/ENSG00000284562/ENSG00000035720/ENSG00000105372/ENSG00000102879/ENSG00000162739/ENSG00000105374/ENSG00000134539/ENSG00000188229/ENSG00000180644/ENSG00000100453/ENSG00000197540/ENSG00000158488/ENSG00000205809/ENSG00000089692/ENSG00000158477/ENSG00000012223"
"GO:0070661","leukocyte proliferation",304,-0.432180875206758,-2.23100202253814,9.14988246103023e-15,2.20987961198802e-12,1.75176907580229e-12,3208,"tags=39%, list=21%, signal=31%","581/4860/10451/4883/3329/7297/7099/1604/7157/3815/8740/30835/933/7784/29126/4332/941/6375/301/10312/3109/2000/202309/64115/729230/84433/1947/1438/4064/3115/6461/3606/596/1725/5880/10859/1439/944/5699/1436/931/3123/3604/3592/654346/10288/3251/1794/54209/7133/81704/695/5788/83593/6504/259307/4067/246778/5294/3635/89780/6194/54440/126259/11006/3594/383/940/64600/80380/3620/3071/10673/972/8600/6355/942/3965/952/115352/23495/3559/10148/11314/7305/6693/283234/653499/5777/26191/1493/79798/84868/160365/7293/22806/284194/3087/64926/51237/56253/50943/973/199/930/7535/923/2950/3718/6363/3569/11151/9047/916/7940/26279/6352/29108","BAX/PNP/VAV3/NPR3/HSPD1/TYK2/TLR4/CD55/TP53/KIT/TNFSF14/CD209/CD22/ZP3/CD274/MNDA/CD80/XCL1/ANXA1/TCIRG1/HLA-DMB/ELF4/GAPT/VSIR/CCR2/CARD11/EFNB1/CSF2RA/CD180/HLA-DPB1/SHB/IL18/BCL2/DHPS/RAC2/LILRB1/CSF2RB/TNFSF8/PSMB10/CSF1R/MS4A1/HLA-DRB1/TNFRSF9/IL12A/LGALS9C/LILRB2/HPRT1/DOCK2/TREM2/TNFRSF1B/DOCK8/BTK/PTPRC/RASSF5/SLAMF1/IL4I1/LYN/IL27/PIK3CG/INPP5D/WNT3A/RPS6/SASH3/TMIGD2/LILRB4/IL12RB1/ARG1/CD28/PLA2G2F/PDCD1LG2/IDO1/NCKAP1L/TNFSF13B/CD74/TNFSF11/CCL8/CD86/LGALS9/CD38/FCRL3/TNFRSF13B/IL2RA/EBI3/CD300A/TYROBP/SPN/CCDC88B/LGALS7B/PTPN6/PTPN22/CTLA4/ARMC5/HAVCR2/CLECL1P/TNFRSF4/IKZF3/LGALS9B/HHEX/RASAL3/MZB1/CRTAM/FOXP3/CD79A/AIF1/CD19/ZAP70/CD6/GSTP1/JAK3/CCL19/IL6/CORO1A/SH2D2A/CD3E/LST1/PLA2G2D/CCL5/PYCARD","ENSG00000087088/ENSG00000198805/ENSG00000134215/ENSG00000113389/ENSG00000144381/ENSG00000105397/ENSG00000136869/ENSG00000196352/ENSG00000141510/ENSG00000157404/ENSG00000125735/ENSG00000090659/ENSG00000012124/ENSG00000188372/ENSG00000120217/ENSG00000163563/ENSG00000121594/ENSG00000143184/ENSG00000135046/ENSG00000110719/ENSG00000242574/ENSG00000242386/ENSG00000242092/ENSG00000234154/ENSG00000241296/ENSG00000241674/ENSG00000226264/ENSG00000239329/ENSG00000102034/ENSG00000175857/ENSG00000107738/ENSG00000121807/ENSG00000198286/ENSG00000090776/ENSG00000198223/ENSG00000134061/ENSG00000223865/ENSG00000236693/ENSG00000230708/ENSG00000229295/ENSG00000226826/ENSG00000215048/ENSG00000230763/ENSG00000237710/ENSG00000107338/ENSG00000150782/ENSG00000171791/ENSG00000095059/ENSG00000128340/ENSG00000104972/ENSG00000277807/ENSG00000276452/ENSG00000277134/ENSG00000274669/ENSG00000100368/ENSG00000106952/ENSG00000205220/ENSG00000182578/ENSG00000156738/ENSG00000196126/ENSG00000229074/ENSG00000228080/ENSG00000206306/ENSG00000236884/ENSG00000206240/ENSG00000049249/ENSG00000168811/ENSG00000171916/ENSG00000284021/ENSG00000131042/ENSG00000277751/ENSG00000275463/ENSG00000274513/ENSG00000276146/ENSG00000165704/ENSG00000134516/ENSG00000095970/ENSG00000028137/ENSG00000107099/ENSG00000010671/ENSG00000081237/ENSG00000262418/ENSG00000266094/ENSG00000117090/ENSG00000104951/ENSG00000254087/ENSG00000197272/ENSG00000105851/ENSG00000168918/ENSG00000281614/ENSG00000154342/ENSG00000137154/ENSG00000122122/ENSG00000167664/ENSG00000186818/ENSG00000276042/ENSG00000278279/ENSG00000275730/ENSG00000278555/ENSG00000096996/ENSG00000118520/ENSG00000178562/ENSG00000158786/ENSG00000197646/ENSG00000131203/ENSG00000123338/ENSG00000102524/ENSG00000019582/ENSG00000120659/ENSG00000108700/ENSG00000114013/ENSG00000168961/ENSG00000004468/ENSG00000160856/ENSG00000240505/ENSG00000134460/ENSG00000105246/ENSG00000167851/ENSG00000011600/ENSG00000197471/ENSG00000168071/ENSG00000178934/ENSG00000282902/ENSG00000283082/ENSG00000205076/ENSG00000111679/ENSG00000134242/ENSG00000163599/ENSG00000140691/ENSG00000135077/ENSG00000184293/ENSG00000186827/ENSG00000161405/ENSG00000170298/ENSG00000152804/ENSG00000105122/ENSG00000170476/ENSG00000109943/ENSG00000049768/ENSG00000105369/ENSG00000204472/ENSG00000235588/ENSG00000206428/ENSG00000234836/ENSG00000235985/ENSG00000237727/ENSG00000177455/ENSG00000115085/ENSG00000013725/ENSG00000084207/ENSG00000105639/ENSG00000172724/ENSG00000136244/ENSG00000102879/ENSG00000027869/ENSG00000198851/ENSG00000204482/ENSG00000235915/ENSG00000230791/ENSG00000206433/ENSG00000231048/ENSG00000234514/ENSG00000226182/ENSG00000223465/ENSG00000117215/ENSG00000271503/ENSG00000274233/ENSG00000103490"
"GO:0022613","ribonucleoprotein complex biogenesis",443,-0.369343769051477,-1.98758907745135,2.97976508288796e-13,4.38824916353109e-11,3.47856016223146e-11,3925,"tags=38%, list=25%, signal=29%","10799/8562/6895/84128/29777/83443/6129/3921/79033/56342/10569/4927/115416/23016/4809/2971/84549/6606/51093/708/85395/6627/10659/23481/6632/51491/65083/54853/4869/285367/10514/54913/24148/51121/6629/6155/84135/83939/27079/6227/6193/10528/55695/64963/8602/10856/10248/1968/84365/27341/29997/131870/2752/55011/6229/26576/8668/25804/55027/9045/51010/115939/23223/65008/56949/11137/57418/92856/6839/51154/55794/55702/6175/64794/55646/8665/23521/10412/1736/51547/5433/6135/56853/317781/6232/9092/55505/120379/54606/23378/10421/25879/10813/27316/55299/2091/9775/83640/79066/6433/6165/10607/23404/10556/6208/10262/6838/27336/84769/55052/10557/8450/29081/54496/6218/54984/90441/10171/64979/54512/51013/57647/6128/6209/10907/728689/51065/6633/6628/79979/6194/79707/79863/50628/6152/6130/26121/6154/5036/51634/6234/8175/6217/57461/55272/29093/54555/56915/5303/27335/81887/113000/55178/57109/11224/28985/51367/121053/3669/6636/10775/6880/6169/79050/6223/27043/51116/6134","RPP40/DENR/TARBP2/WDR75/ABT1/SF3B5/RPL7/RPSA/ERI3/PPAN/SLU7/NUP88/MALSU1/EXOSC7/SNU13/GTF3A/MAK16/SMN1/METTL25B/C1QBP/SLX9/SNRPA1/CELF2/PES1/SNRPD1/NOP16/NOL6/WDR55/NPM1/RPUSD3/MYBBP1A/RPP25/PRPF6/RPL26L1/SNRPB2/RPL27/UTP15/EIF2A/RPUSD2/RPS21/RPS5/NOP56/NSUN5/MRPS11/NOP14/RUVBL2/POP7/EIF2S3/NIFK/RRP7A/NOP53/NUDT16/GLUL/PIH1D1/RPS24/SRPK3/EIF3I/LSM4/HEATR3/RPL14/EXOSC3/TSR3/RRP12/MRPL1/XAB2/PWP1/WDR18/IMP4/SUV39H1/MRTO4/DDX28/YJU2/RPLP0/DDX31/LYAR/EIF3F/RPL13A/NSA2/DKC1/SIRT7/POLR2D/RPL11/CELF4/DDX51/RPS27/SART1/NOP10/PIH1D2/DDX56/RRP8/CD2BP2/DCAF13/UTP14A/RBMX/BRIX1/FBL/EIF4A3/RAMAC/METTL16/SFSWAP/RPL35A/TBL3/EXOSC2/RPP30/RPS14/SF3B4/SURF6/HTATSF1/MPV17L2/MRPL20/RPP38/CUL4B/METTL5/PRMT7/RPS17/PINX1/ZNF622/RCL1/MRPL36/EXOSC4/EXOSC1/DHX37/RPL6/RPS15/TXNL4A/EIF3CL/RPS27L/SNRPD2/SNRPB/TRMT2B/RPS6/NOL9/RBFA/GEMIN4/RPL24/RPL7A/PRPF31/RPL26/PA2G4/RBMX2/RPS28/SF3A2/RPS16/ISY1/IMP3/MRPL22/DDX49/EXOSC5/PIN4/EIF3K/LAS1L/RPUSD1/MRM3/REXO4/RPL35/MCTS1/POP5/NOPCHAP1/ISG20/SNRPF/POP4/TAF9/RPL38/NOC4L/RPS19/PELP1/MRPS2/RPL10","ENSG00000124787/ENSG00000139726/ENSG00000139546/ENSG00000115368/ENSG00000146109/ENSG00000169976/ENSG00000147604/ENSG00000168028/ENSG00000117419/ENSG00000130810/ENSG00000164609/ENSG00000108559/ENSG00000156928/ENSG00000075914/ENSG00000100138/ENSG00000122034/ENSG00000198042/ENSG00000172062/ENSG00000273772/ENSG00000275349/ENSG00000277773/ENSG00000205571/ENSG00000143303/ENSG00000108561/ENSG00000160256/ENSG00000131876/ENSG00000048740/ENSG00000100029/ENSG00000167088/ENSG00000048162/ENSG00000165271/ENSG00000120314/ENSG00000181163/ENSG00000156990/ENSG00000132382/ENSG00000178718/ENSG00000101161/ENSG00000037241/ENSG00000125870/ENSG00000131469/ENSG00000164338/ENSG00000144895/ENSG00000166133/ENSG00000171858/ENSG00000083845/ENSG00000101361/ENSG00000130305/ENSG00000181991/ENSG00000087269/ENSG00000183207/ENSG00000172336/ENSG00000130741/ENSG00000155438/ENSG00000189306/ENSG00000105373/ENSG00000198585/ENSG00000135821/ENSG00000104872/ENSG00000138326/ENSG00000184343/ENSG00000084623/ENSG00000130520/ENSG00000155393/ENSG00000188846/ENSG00000107371/ENSG00000007520/ENSG00000052749/ENSG00000169288/ENSG00000076924/ENSG00000136045/ENSG00000065268/ENSG00000136718/ENSG00000101945/ENSG00000053372/ENSG00000182810/ENSG00000105248/ENSG00000089157/ENSG00000125485/ENSG00000145220/ENSG00000175390/ENSG00000142541/ENSG00000164346/ENSG00000130826/ENSG00000187531/ENSG00000144231/ENSG00000142676/ENSG00000101489/ENSG00000185163/ENSG00000288503/ENSG00000177954/ENSG00000175467/ENSG00000182117/ENSG00000150773/ENSG00000136271/ENSG00000132275/ENSG00000169217/ENSG00000164934/ENSG00000156697/ENSG00000147274/ENSG00000113460/ENSG00000105202/ENSG00000280548/ENSG00000141543/ENSG00000169612/ENSG00000127804/ENSG00000061936/ENSG00000182899/ENSG00000183751/ENSG00000130713/ENSG00000148688/ENSG00000164587/ENSG00000143368/ENSG00000148296/ENSG00000281309/ENSG00000102241/ENSG00000254858/ENSG00000242485/ENSG00000152464/ENSG00000158290/ENSG00000138382/ENSG00000132600/ENSG00000182774/ENSG00000278229/ENSG00000254093/ENSG00000284764/ENSG00000258724/ENSG00000173545/ENSG00000120158/ENSG00000171421/ENSG00000178896/ENSG00000171311/ENSG00000150990/ENSG00000089009/ENSG00000115268/ENSG00000141759/ENSG00000205609/ENSG00000185088/ENSG00000125743/ENSG00000125835/ENSG00000188917/ENSG00000137154/ENSG00000162408/ENSG00000101546/ENSG00000179409/ENSG00000114391/ENSG00000148303/ENSG00000280858/ENSG00000105618/ENSG00000274894/ENSG00000276421/ENSG00000277953/ENSG00000274651/ENSG00000275117/ENSG00000275885/ENSG00000274144/ENSG00000277707/ENSG00000277154/ENSG00000161970/ENSG00000170515/ENSG00000134597/ENSG00000233927/ENSG00000104897/ENSG00000105193/ENSG00000240682/ENSG00000177971/ENSG00000082515/ENSG00000105671/ENSG00000077348/ENSG00000102309/ENSG00000178982/ENSG00000282986/ENSG00000001497/ENSG00000007376/ENSG00000171861/ENSG00000148300/ENSG00000280706/ENSG00000136942/ENSG00000232119/ENSG00000288295/ENSG00000167272/ENSG00000151131/ENSG00000172183/ENSG00000139343/ENSG00000105171/ENSG00000273841/ENSG00000276463/ENSG00000172809/ENSG00000184967/ENSG00000288146/ENSG00000105372/ENSG00000141456/ENSG00000122140/ENSG00000147403"
"GO:0140053","mitochondrial gene expression",162,-0.500913339062549,-2.39446140642578,1.33977183403243e-12,1.7976760741973e-10,1.42501579633812e-10,4365,"tags=49%, list=28%, signal=36%","25821/64432/26024/10922/10884/26164/28998/6472/54948/51021/115416/79072/9692/708/57215/51067/4701/8846/28957/285367/11222/5442/57129/64928/64963/3396/51654/51073/10573/84545/3035/84275/51373/65008/79590/219927/64965/78988/65003/64949/64960/80298/51204/84769/55052/64981/51253/81554/60493/51023/54534/400916/64979/51258/64969/63875/79675/51264/6183/64976/90480/118487/28958/29093/6832/7284/128308/65993/51069/122704/3028/64975/51263/6150/26995/51116/80324/283459/54998/6182","MTO1/MRPS25/PTCD1/FASTK/MRPS30/MTG2/MRPL13/SHMT2/MRPL16/MRPS16/MALSU1/FASTKD3/PRORP/C1QBP/THAP11/YARS2/NDUFA7/ALKBH1/MRPS28/RPUSD3/MRPL3/POLRMT/MRPL47/MRPL14/MRPS11/MRPL58/CDK5RAP1/MRPL4/MRPL28/MRPL43/HARS1/SLC25A33/MRPS17/MRPL1/MRPL24/MRPL21/MRPS9/MRPL57/MRPL11/MRPS26/MRPS15/MTERF2/TACO1/MPV17L2/MRPL20/MRPL34/MRPL37/RCC1L/FASTKD5/MRPS18C/MRPL50/CHCHD10/MRPL36/MRPL51/MRPS5/MRPL17/FASTKD1/MRPL27/MRPS12/MRPL40/GADD45GIP1/CHCHD1/COA3/MRPL22/SUPV3L1/TUFM/MRPL55/MRPS34/MRPL2/MRPL52/HSD17B10/MRPL41/MRPL30/MRPL23/TRUB2/MRPS2/PUS1/GATC/AURKAIP1/MRPL12","ENSG00000135297/ENSG00000131368/ENSG00000106246/ENSG00000164896/ENSG00000112996/ENSG00000101181/ENSG00000172172/ENSG00000182199/ENSG00000166902/ENSG00000182180/ENSG00000156928/ENSG00000124279/ENSG00000100890/ENSG00000258790/ENSG00000108561/ENSG00000168286/ENSG00000139131/ENSG00000267855/ENSG00000100601/ENSG00000147586/ENSG00000156990/ENSG00000114686/ENSG00000099821/ENSG00000136522/ENSG00000180992/ENSG00000181991/ENSG00000167862/ENSG00000101391/ENSG00000105364/ENSG00000086504/ENSG00000055950/ENSG00000170445/ENSG00000171612/ENSG00000239789/ENSG00000169288/ENSG00000143314/ENSG00000197345/ENSG00000135972/ENSG00000173141/ENSG00000174547/ENSG00000125901/ENSG00000116898/ENSG00000120832/ENSG00000136463/ENSG00000254858/ENSG00000242485/ENSG00000130312/ENSG00000116221/ENSG00000274523/ENSG00000215251/ENSG00000163319/ENSG00000136897/ENSG00000250479/ENSG00000273607/ENSG00000171421/ENSG00000111639/ENSG00000144029/ENSG00000158042/ENSG00000138399/ENSG00000108826/ENSG00000128626/ENSG00000283018/ENSG00000185608/ENSG00000179271/ENSG00000172586/ENSG00000183978/ENSG00000082515/ENSG00000156502/ENSG00000178952/ENSG00000162910/ENSG00000074071/ENSG00000112651/ENSG00000172590/ENSG00000072506/ENSG00000182154/ENSG00000185414/ENSG00000214026/ENSG00000276345/ENSG00000288141/ENSG00000167112/ENSG00000122140/ENSG00000177192/ENSG00000257218/ENSG00000175756/ENSG00000262814"
"GO:0007159","leukocyte cell-cell adhesion",373,-0.383929543475326,-2.02620660176014,2.39586724253526e-12,3.02881090579381e-10,2.40093498869345e-10,2767,"tags=33%, list=18%, signal=28%","64083/30835/64116/387597/7784/441478/50512/29126/3108/7525/941/6375/301/8631/3109/2319/84524/64115/729230/84433/9092/1947/9308/3112/864/3115/6461/3606/1725/5880/10859/3123/114548/54900/3592/654346/84807/10875/6402/10288/81704/5788/921/3689/6504/259307/4067/9435/920/54440/126259/11006/3594/383/10318/940/64600/80380/83706/3620/3120/3071/116844/10673/8651/972/146850/8600/9840/29851/942/3965/6347/23149/22914/100528032/3559/10148/1445/79576/11314/6693/283234/653499/3458/5777/3683/26191/1493/10326/3654/10507/84868/160365/1236/284194/201633/7805/64926/6404/79626/56253/50943/199/7535/30009/923/3718/6363/3569/11151/3932/939/399/916/55423/26279/57126/6352/29108/2529/3902/3561","GOLPH3/CD209/SLC39A8/ILDR2/ZP3/NRARP/PODXL2/CD274/HLA-DMA/YES1/CD80/XCL1/ANXA1/SKAP1/HLA-DMB/FLOT2/ZC3H8/VSIR/CCR2/CARD11/SART1/EFNB1/CD83/HLA-DOB/RUNX3/HLA-DPB1/SHB/IL18/DHPS/RAC2/LILRB1/HLA-DRB1/NLRP3/LAX1/IL12A/LGALS9C/NFKBID/FGL2/SELL/LILRB2/DOCK8/PTPRC/CD5/ITGB2/SLAMF1/IL4I1/LYN/CHST2/CD4/SASH3/TMIGD2/LILRB4/IL12RB1/ARG1/TNIP1/CD28/PLA2G2F/PDCD1LG2/FERMT3/IDO1/HLA-DQB2/NCKAP1L/LRG1/TNFSF13B/SOCS1/CD74/PIK3R6/TNFSF11/TESPA1/ICOS/CD86/LGALS9/CCL2/FCHO1/KLRK1/KLRC4-KLRK1/IL2RA/EBI3/CSK/NKAP/CD300A/SPN/CCDC88B/LGALS7B/IFNG/PTPN6/ITGAL/PTPN22/CTLA4/SIRPB1/IRAK1/SEMA4D/HAVCR2/CLECL1P/CCR7/LGALS9B/TIGIT/LAPTM5/RASAL3/SELPLG/TNFAIP8L2/CRTAM/FOXP3/AIF1/ZAP70/TBX21/CD6/JAK3/CCL19/IL6/CORO1A/LCK/CD27/RHOH/CD3E/SIRPG/PLA2G2D/CD177/CCL5/PYCARD/FUT7/LAG3/IL2RG","ENSG00000113384/ENSG00000090659/ENSG00000138821/ENSG00000143195/ENSG00000188372/ENSG00000198435/ENSG00000114631/ENSG00000120217/ENSG00000204257/ENSG00000239463/ENSG00000242361/ENSG00000241394/ENSG00000243189/ENSG00000243215/ENSG00000243719/ENSG00000242685/ENSG00000176105/ENSG00000121594/ENSG00000143184/ENSG00000135046/ENSG00000141293/ENSG00000242574/ENSG00000242386/ENSG00000242092/ENSG00000234154/ENSG00000241296/ENSG00000241674/ENSG00000226264/ENSG00000239329/ENSG00000132589/ENSG00000144161/ENSG00000107738/ENSG00000121807/ENSG00000198286/ENSG00000175467/ENSG00000090776/ENSG00000112149/ENSG00000241106/ENSG00000243612/ENSG00000241910/ENSG00000241386/ENSG00000243496/ENSG00000239457/ENSG00000020633/ENSG00000223865/ENSG00000236693/ENSG00000230708/ENSG00000229295/ENSG00000226826/ENSG00000215048/ENSG00000230763/ENSG00000237710/ENSG00000107338/ENSG00000150782/ENSG00000095059/ENSG00000128340/ENSG00000104972/ENSG00000277807/ENSG00000276452/ENSG00000277134/ENSG00000274669/ENSG00000196126/ENSG00000229074/ENSG00000228080/ENSG00000206306/ENSG00000236884/ENSG00000206240/ENSG00000162711/ENSG00000122188/ENSG00000168811/ENSG00000171916/ENSG00000284021/ENSG00000167604/ENSG00000127951/ENSG00000188404/ENSG00000131042/ENSG00000277751/ENSG00000275463/ENSG00000274513/ENSG00000276146/ENSG00000107099/ENSG00000081237/ENSG00000262418/ENSG00000110448/ENSG00000160255/ENSG00000117090/ENSG00000104951/ENSG00000254087/ENSG00000175040/ENSG00000010610/ENSG00000122122/ENSG00000167664/ENSG00000186818/ENSG00000276042/ENSG00000278279/ENSG00000275730/ENSG00000278555/ENSG00000096996/ENSG00000118520/ENSG00000145901/ENSG00000178562/ENSG00000158786/ENSG00000197646/ENSG00000149781/ENSG00000131203/ENSG00000232629/ENSG00000230675/ENSG00000226165/ENSG00000229493/ENSG00000228813/ENSG00000224305/ENSG00000228254/ENSG00000196610/ENSG00000123338/ENSG00000171236/ENSG00000102524/ENSG00000185338/ENSG00000019582/ENSG00000276231/ENSG00000120659/ENSG00000135426/ENSG00000163600/ENSG00000114013/ENSG00000168961/ENSG00000108691/ENSG00000130475/ENSG00000213809/ENSG00000213809/ENSG00000134460/ENSG00000105246/ENSG00000103653/ENSG00000101882/ENSG00000167851/ENSG00000197471/ENSG00000168071/ENSG00000178934/ENSG00000282902/ENSG00000283082/ENSG00000205076/ENSG00000111537/ENSG00000111679/ENSG00000005844/ENSG00000134242/ENSG00000163599/ENSG00000101307/ENSG00000184216/ENSG00000187764/ENSG00000135077/ENSG00000184293/ENSG00000126353/ENSG00000170298/ENSG00000181847/ENSG00000162511/ENSG00000105122/ENSG00000110876/ENSG00000163154/ENSG00000109943/ENSG00000049768/ENSG00000204472/ENSG00000235588/ENSG00000206428/ENSG00000234836/ENSG00000235985/ENSG00000237727/ENSG00000115085/ENSG00000073861/ENSG00000013725/ENSG00000105639/ENSG00000172724/ENSG00000136244/ENSG00000102879/ENSG00000182866/ENSG00000139193/ENSG00000168421/ENSG00000198851/ENSG00000089012/ENSG00000117215/ENSG00000204936/ENSG00000271503/ENSG00000274233/ENSG00000103490/ENSG00000180549/ENSG00000089692/ENSG00000147168"
"GO:0032609","interferon-gamma production",107,-0.556468940253975,-2.52549990614986,3.69891831840497e-12,4.29501323202485e-10,3.40465214449138e-10,3812,"tags=54%, list=25%, signal=41%","2625/8809/3670/708/558/11126/140885/3329/7297/7099/1649/7784/29126/10865/3394/6375/929/51311/64115/729230/3115/3606/10859/3123/3592/654346/51284/1054/6504/246778/9636/54440/11006/3594/80380/3265/4049/3965/51744/22914/100528032/10666/5142/10148/26525/653499/26191/10225/84868/1236/284194/7805/56253/50943/914/114836/916/29108","GATA3/IL18R1/ISL1/C1QBP/AXL/CD160/SIRPA/HSPD1/TYK2/TLR4/DDIT3/ZP3/CD274/ARID5A/IRF8/XCL1/CD14/TLR8/VSIR/CCR2/HLA-DPB1/IL18/LILRB1/HLA-DRB1/IL12A/LGALS9C/TLR7/CEBPG/SLAMF1/IL27/ISG15/SASH3/LILRB4/IL12RB1/PDCD1LG2/HRAS/LTA/LGALS9/CD244/KLRK1/KLRC4-KLRK1/CD226/PDE4B/EBI3/IL36RN/LGALS7B/PTPN22/CD96/HAVCR2/CCR7/LGALS9B/LAPTM5/CRTAM/FOXP3/CD2/SLAMF6/CD3E/PYCARD","ENSG00000107485/ENSG00000115604/ENSG00000016082/ENSG00000108561/ENSG00000167601/ENSG00000117281/ENSG00000198053/ENSG00000144381/ENSG00000105397/ENSG00000136869/ENSG00000175197/ENSG00000188372/ENSG00000120217/ENSG00000196843/ENSG00000140968/ENSG00000143184/ENSG00000170458/ENSG00000101916/ENSG00000107738/ENSG00000121807/ENSG00000223865/ENSG00000236693/ENSG00000230708/ENSG00000229295/ENSG00000226826/ENSG00000215048/ENSG00000230763/ENSG00000237710/ENSG00000150782/ENSG00000104972/ENSG00000277807/ENSG00000276452/ENSG00000277134/ENSG00000274669/ENSG00000196126/ENSG00000229074/ENSG00000228080/ENSG00000206306/ENSG00000236884/ENSG00000206240/ENSG00000168811/ENSG00000171916/ENSG00000284021/ENSG00000196664/ENSG00000153879/ENSG00000117090/ENSG00000197272/ENSG00000187608/ENSG00000122122/ENSG00000186818/ENSG00000276042/ENSG00000278279/ENSG00000275730/ENSG00000278555/ENSG00000096996/ENSG00000197646/ENSG00000174775/ENSG00000276536/ENSG00000226979/ENSG00000230279/ENSG00000238130/ENSG00000231408/ENSG00000173503/ENSG00000223919/ENSG00000226275/ENSG00000168961/ENSG00000122223/ENSG00000213809/ENSG00000213809/ENSG00000150637/ENSG00000184588/ENSG00000105246/ENSG00000136695/ENSG00000178934/ENSG00000282902/ENSG00000283082/ENSG00000205076/ENSG00000134242/ENSG00000153283/ENSG00000135077/ENSG00000126353/ENSG00000170298/ENSG00000162511/ENSG00000109943/ENSG00000049768/ENSG00000116824/ENSG00000162739/ENSG00000198851/ENSG00000103490"
"GO:0006364","rRNA processing",222,-0.433959147414736,-2.15263866688257,6.45883456422356e-11,5.99976047673567e-09,4.75600336251409e-09,3925,"tags=44%, list=25%, signal=33%","10799/84128/29777/6129/79033/56342/23016/4809/84549/51093/85395/23481/65083/54853/285367/54913/6155/84135/27079/6227/10528/55695/64963/8602/10248/84365/27341/29997/131870/55011/6229/9045/51010/115939/23223/65008/11137/57418/92856/6839/51154/55646/10412/1736/51547/6135/317781/6232/9092/55505/120379/54606/23378/25879/10813/55299/2091/9775/79066/6165/10607/23404/10556/6208/10557/29081/6218/10171/54512/51013/57647/6209/79979/6194/79707/79863/50628/6130/6154/5036/6234/6217/55272/54555/56915/5303/81887/113000/55178/57109/11224/51367/3669/10775/79050/6223/27043","RPP40/WDR75/ABT1/RPL7/ERI3/PPAN/EXOSC7/SNU13/MAK16/METTL25B/SLX9/PES1/NOL6/WDR55/RPUSD3/RPP25/RPL27/UTP15/RPUSD2/RPS21/NOP56/NSUN5/MRPS11/NOP14/POP7/NIFK/RRP7A/NOP53/NUDT16/PIH1D1/RPS24/RPL14/EXOSC3/TSR3/RRP12/MRPL1/PWP1/WDR18/IMP4/SUV39H1/MRTO4/LYAR/NSA2/DKC1/SIRT7/RPL11/DDX51/RPS27/SART1/NOP10/PIH1D2/DDX56/RRP8/DCAF13/UTP14A/BRIX1/FBL/EIF4A3/METTL16/RPL35A/TBL3/EXOSC2/RPP30/RPS14/RPP38/METTL5/RPS17/RCL1/EXOSC4/EXOSC1/DHX37/RPS15/TRMT2B/RPS6/NOL9/RBFA/GEMIN4/RPL7A/RPL26/PA2G4/RPS28/RPS16/IMP3/DDX49/EXOSC5/PIN4/LAS1L/RPUSD1/MRM3/REXO4/RPL35/POP5/ISG20/POP4/NOC4L/RPS19/PELP1","ENSG00000124787/ENSG00000115368/ENSG00000146109/ENSG00000147604/ENSG00000117419/ENSG00000130810/ENSG00000075914/ENSG00000100138/ENSG00000198042/ENSG00000143303/ENSG00000160256/ENSG00000100029/ENSG00000165271/ENSG00000120314/ENSG00000156990/ENSG00000178718/ENSG00000131469/ENSG00000164338/ENSG00000166133/ENSG00000171858/ENSG00000101361/ENSG00000130305/ENSG00000181991/ENSG00000087269/ENSG00000172336/ENSG00000155438/ENSG00000189306/ENSG00000105373/ENSG00000198585/ENSG00000104872/ENSG00000138326/ENSG00000188846/ENSG00000107371/ENSG00000007520/ENSG00000052749/ENSG00000169288/ENSG00000136045/ENSG00000065268/ENSG00000136718/ENSG00000101945/ENSG00000053372/ENSG00000145220/ENSG00000164346/ENSG00000130826/ENSG00000187531/ENSG00000142676/ENSG00000185163/ENSG00000288503/ENSG00000177954/ENSG00000175467/ENSG00000182117/ENSG00000150773/ENSG00000136271/ENSG00000132275/ENSG00000164934/ENSG00000156697/ENSG00000113460/ENSG00000105202/ENSG00000280548/ENSG00000141543/ENSG00000127804/ENSG00000182899/ENSG00000183751/ENSG00000130713/ENSG00000148688/ENSG00000164587/ENSG00000152464/ENSG00000138382/ENSG00000182774/ENSG00000278229/ENSG00000120158/ENSG00000178896/ENSG00000171311/ENSG00000150990/ENSG00000115268/ENSG00000188917/ENSG00000137154/ENSG00000162408/ENSG00000101546/ENSG00000179409/ENSG00000148303/ENSG00000280858/ENSG00000161970/ENSG00000170515/ENSG00000233927/ENSG00000105193/ENSG00000177971/ENSG00000105671/ENSG00000077348/ENSG00000102309/ENSG00000001497/ENSG00000007376/ENSG00000171861/ENSG00000148300/ENSG00000280706/ENSG00000136942/ENSG00000167272/ENSG00000172183/ENSG00000105171/ENSG00000184967/ENSG00000288146/ENSG00000105372/ENSG00000141456"
"GO:0032103","positive regulation of response to external stimulus",393,-0.361629382097936,-1.91777052459078,7.26547622091742e-11,6.54760379431334e-09,5.19027814242129e-09,4011,"tags=40%, list=26%, signal=30%","7056/353091/57118/115004/388125/4792/6850/6279/5025/6369/3600/1435/5595/2113/5641/27347/3134/708/5650/9447/11126/51157/5819/55122/10623/63940/3093/10432/353514/3665/1230/7857/3263/284114/80231/3957/7099/2896/8740/135250/7784/2152/4332/8673/3315/8717/6375/2867/81565/929/51738/5734/23604/7114/22861/84166/7852/50487/117157/51311/729230/59341/25818/4258/4363/4908/719/64805/4064/4671/5228/3606/58484/3430/3735/5880/728/1436/25865/1233/114548/1050/10084/3592/2277/6846/51284/8547/54209/3661/695/81793/26471/6348/6504/241/10344/6278/1535/4067/7391/388325/5294/383/10318/940/8638/3620/7097/3071/6845/972/8600/6283/9450/4049/3965/4739/6688/56670/22914/100528032/7941/10666/2185/6351/259197/7305/3458/2209/5345/6810/84868/116449/1236/4068/84630/3055/11315/149628/56253/199/3805/26228/6223/6363/3569/4814/114836/4818/3824/5320/3822/6352/29108/3902","THBD/RAET1G/CAMK1D/CGAS/C2CD4B/NFKBIA/SYK/S100A8/P2RX4/CCL24/IL15/CSF1/MAPK3/ETS1/LGMN/STK39/HLA-F/C1QBP/KLK7/AIM2/CD160/ZNF580/NECTIN2/AKIRIN2/POLR3C/GPSM3/UBE2K/RBM14/LILRA5/IRF7/CCR1/SCG2/HPX/TMEM102/TASL/LGALS2/TLR4/GRN/TNFSF14/RAET1E/ZP3/F3/MNDA/VAMP8/HSPB1/TRADD/XCL1/FFAR2/NDEL1/CD14/GHRL/PTGER4/DAPK2/TMSB4X/NLRP1/NLRC5/CXCR4/PLA2G3/SH2D1B/TLR8/CCR2/TRPV4/KLK5/MGST2/ABCC1/NTF3/C3AR1/P2RY12/CD180/NAIP/PGF/IL18/NLRC4/IFI35/KARS1/RAC2/C5AR1/CSF1R/PRKD2/CCR4/NLRP3/CEBPA/PQBP1/IL12A/VEGFD/XCL2/TLR7/FCN3/TREM2/IRF3/BTK/TLR10/NUPR1/CCL3/SLAMF1/ALOX5AP/CCL26/S100A7/CYBA/LYN/USF1/SCIMP/PIK3CG/ARG1/TNIP1/CD28/OASL/IDO1/TLR2/NCKAP1L/VAMP7/CD74/TNFSF11/S100A12/LY86/LTA/LGALS9/NEDD9/SPI1/SUCNR1/KLRK1/KLRC4-KLRK1/PLA2G7/CD226/PTK2B/CCL4/NCR3/TYROBP/IFNG/FCGR1A/SERPINF2/STX4/HAVCR2/CLNK/CCR7/SH2D1A/TTBK1/HCK/PARK7/PYHIN1/CRTAM/AIF1/KIR2DL4/STAP1/RPS19/CCL19/IL6/NINJ1/SLAMF6/NKG7/KLRD1/PLA2G2A/KLRC2/CCL5/PYCARD/LAG3","ENSG00000178726/ENSG00000203722/ENSG00000183049/ENSG00000164430/ENSG00000205502/ENSG00000100906/ENSG00000165025/ENSG00000143546/ENSG00000135124/ENSG00000106178/ENSG00000164136/ENSG00000184371/ENSG00000102882/ENSG00000134954/ENSG00000100600/ENSG00000198648/ENSG00000204642/ENSG00000234487/ENSG00000237508/ENSG00000235220/ENSG00000229698/ENSG00000137403/ENSG00000206509/ENSG00000108561/ENSG00000169035/ENSG00000163568/ENSG00000117281/ENSG00000213015/ENSG00000130202/ENSG00000135334/ENSG00000186141/ENSG00000213654/ENSG00000233490/ENSG00000237052/ENSG00000236697/ENSG00000234508/ENSG00000234243/ENSG00000206314/ENSG00000078140/ENSG00000239306/ENSG00000187116/ENSG00000278355/ENSG00000275404/ENSG00000274113/ENSG00000274914/ENSG00000185507/ENSG00000276561/ENSG00000163823/ENSG00000171951/ENSG00000110169/ENSG00000181284/ENSG00000284228/ENSG00000120280/ENSG00000100079/ENSG00000136869/ENSG00000030582/ENSG00000125735/ENSG00000164520/ENSG00000285991/ENSG00000188372/ENSG00000117525/ENSG00000163563/ENSG00000118640/ENSG00000106211/ENSG00000102871/ENSG00000143184/ENSG00000126262/ENSG00000166579/ENSG00000170458/ENSG00000157017/ENSG00000171522/ENSG00000035664/ENSG00000205542/ENSG00000091592/ENSG00000140853/ENSG00000121966/ENSG00000100078/ENSG00000198574/ENSG00000101916/ENSG00000121807/ENSG00000111199/ENSG00000167754/ENSG00000085871/ENSG00000103222/ENSG00000278183/ENSG00000185652/ENSG00000171860/ENSG00000169313/ENSG00000134061/ENSG00000249437/ENSG00000276068/ENSG00000278613/ENSG00000119630/ENSG00000150782/ENSG00000091106/ENSG00000068079/ENSG00000065427/ENSG00000128340/ENSG00000197405/ENSG00000182578/ENSG00000105287/ENSG00000183813/ENSG00000162711/ENSG00000245848/ENSG00000102103/ENSG00000168811/ENSG00000165197/ENSG00000143185/ENSG00000196664/ENSG00000142748/ENSG00000095970/ENSG00000126456/ENSG00000010671/ENSG00000174123/ENSG00000176046/ENSG00000277632/ENSG00000278567/ENSG00000274221/ENSG00000117090/ENSG00000132965/ENSG00000006606/ENSG00000143556/ENSG00000051523/ENSG00000254087/ENSG00000158773/ENSG00000161929/ENSG00000105851/ENSG00000118520/ENSG00000145901/ENSG00000178562/ENSG00000135114/ENSG00000131203/ENSG00000137462/ENSG00000123338/ENSG00000124333/ENSG00000019582/ENSG00000120659/ENSG00000163221/ENSG00000112799/ENSG00000226979/ENSG00000230279/ENSG00000238130/ENSG00000231408/ENSG00000173503/ENSG00000223919/ENSG00000226275/ENSG00000168961/ENSG00000111859/ENSG00000066336/ENSG00000198829/ENSG00000213809/ENSG00000213809/ENSG00000146070/ENSG00000150637/ENSG00000120899/ENSG00000275302/ENSG00000277943/ENSG00000275824/ENSG00000204475/ENSG00000236315/ENSG00000206430/ENSG00000236979/ENSG00000237808/ENSG00000223833/ENSG00000225211/ENSG00000237103/ENSG00000011600/ENSG00000111537/ENSG00000150337/ENSG00000167711/ENSG00000276838/ENSG00000103496/ENSG00000135077/ENSG00000109684/ENSG00000126353/ENSG00000183918/ENSG00000146216/ENSG00000101336/ENSG00000116288/ENSG00000163564/ENSG00000109943/ENSG00000204472/ENSG00000235588/ENSG00000206428/ENSG00000234836/ENSG00000235985/ENSG00000237727/ENSG00000189013/ENSG00000276779/ENSG00000278074/ENSG00000275699/ENSG00000275732/ENSG00000278430/ENSG00000273575/ENSG00000275237/ENSG00000274189/ENSG00000276044/ENSG00000275848/ENSG00000274945/ENSG00000274193/ENSG00000277355/ENSG00000277964/ENSG00000277540/ENSG00000274955/ENSG00000273498/ENSG00000278271/ENSG00000277362/ENSG00000277750/ENSG00000277850/ENSG00000278606/ENSG00000275317/ENSG00000278201/ENSG00000275456/ENSG00000277076/ENSG00000276979/ENSG00000274609/ENSG00000274232/ENSG00000283961/ENSG00000283869/ENSG00000284365/ENSG00000284013/ENSG00000283986/ENSG00000284206/ENSG00000284457/ENSG00000284460/ENSG00000284340/ENSG00000284509/ENSG00000284562/ENSG00000035720/ENSG00000105372/ENSG00000172724/ENSG00000136244/ENSG00000131669/ENSG00000162739/ENSG00000105374/ENSG00000134539/ENSG00000188257/ENSG00000205809/ENSG00000271503/ENSG00000274233/ENSG00000103490/ENSG00000089692"
"GO:0030198","extracellular matrix organization",285,0.39160192288332,2.04235673389323,7.87774104078759e-11,6.99497064768757e-09,5.54490534248625e-09,2614,"tags=31%, list=17%, signal=26%","4148/7490/11096/170690/7148/79625/169044/79875/4982/56999/4921/1511/11117/4312/9508/50939/133584/10516/5806/1288/4325/11093/5156/7075/1805/3908/80781/351/340267/4313/4146/11173/64094/1842/5033/23768/7373/3688/1305/9509/84695/4239/59350/1513/30008/8434/7837/11174/92949/4017/151887/1281/81031/2199/3913/4314/11005/4319/1278/7092/51144/4320/131873/25903/81792/23187/25975/22854/9510/4763/4811/2331/30001/63894/84947/1277/861/3617/1289/11095/1290/4147/2191/8516/285590/1284/4322/91522","MATN3/WT1/ADAMTS5/ADAMTS16/TNXB/NDNF/COL22A1/THSD4/TNFRSF11B/ADAMTS9/DDR2/CTSG/EMILIN1/MMP1/ADAMTS3/IMPG2/EGFLAM/FBLN5/PTX3/COL4A6/MMP16/ADAMTS13/PDGFRA/TIE1/DPT/LAMA2/COL18A1/APP/COL28A1/MMP2/MATN1/ADAMTS7/SMOC2/ECM2/P4HA1/FLRT2/COL14A1/ITGB1/COL13A1/ADAMTS2/LOXL3/MFAP4/RXFP1/CTSK/EFEMP2/RECK/PXDN/ADAMTS6/ADAMTSL1/LOXL2/CCDC80/COL3A1/SLC2A10/FBLN2/LAMB2/MMP3/SPINK5/MMP10/COL1A2/TLL1/HSD17B12/MMP11/COL6A6/OLFML2B/ADAMTS12/PHLDB1/EGFL6/NTNG1/ADAMTS1/NF1/NID1/FMOD/ERO1A/VIPAS39/SERAC1/COL1A1/RUNX1/IMPG1/COL5A1/ADAMTS8/COL5A2/MATN2/FAP/ITGA8/SH3PXD2B/COL4A2/MMP13/COL23A1","ENSG00000132031/ENSG00000184937/ENSG00000154736/ENSG00000145536/ENSG00000168477/ENSG00000229341/ENSG00000236221/ENSG00000229353/ENSG00000231608/ENSG00000206258/ENSG00000233323/ENSG00000236236/ENSG00000173376/ENSG00000169436/ENSG00000187720/ENSG00000164761/ENSG00000163638/ENSG00000162733/ENSG00000100448/ENSG00000138080/ENSG00000196611/ENSG00000156140/ENSG00000081148/ENSG00000164318/ENSG00000140092/ENSG00000163661/ENSG00000197565/ENSG00000156103/ENSG00000160323/ENSG00000281244/ENSG00000134853/ENSG00000066056/ENSG00000143196/ENSG00000196569/ENSG00000182871/ENSG00000142192/ENSG00000215018/ENSG00000087245/ENSG00000162510/ENSG00000136378/ENSG00000112562/ENSG00000106823/ENSG00000122884/ENSG00000185070/ENSG00000187955/ENSG00000150093/ENSG00000197467/ENSG00000087116/ENSG00000283802/ENSG00000115318/ENSG00000166482/ENSG00000171509/ENSG00000143387/ENSG00000172638/ENSG00000122707/ENSG00000130508/ENSG00000049192/ENSG00000178031/ENSG00000134013/ENSG00000091986/ENSG00000168542/ENSG00000197496/ENSG00000163520/ENSG00000172037/ENSG00000149968/ENSG00000133710/ENSG00000166670/ENSG00000164692/ENSG00000038295/ENSG00000149084/ENSG00000099953/ENSG00000275365/ENSG00000206384/ENSG00000162745/ENSG00000151388/ENSG00000281690/ENSG00000019144/ENSG00000198759/ENSG00000162631/ENSG00000154734/ENSG00000196712/ENSG00000116962/ENSG00000122176/ENSG00000197930/ENSG00000151445/ENSG00000122335/ENSG00000108821/ENSG00000159216/ENSG00000112706/ENSG00000130635/ENSG00000134917/ENSG00000204262/ENSG00000132561/ENSG00000078098/ENSG00000077943/ENSG00000174705/ENSG00000134871/ENSG00000137745/ENSG00000050767"
"GO:0003007","heart morphogenesis",223,0.422349901106477,2.15585221435702,1.71145122450277e-10,1.43524201299274e-08,1.13771472482662e-08,2288,"tags=30%, list=15%, signal=26%","64321/9464/8642/5311/4846/8854/55273/7010/10413/70/7135/6604/1909/54583/3611/23493/6262/7139/26508/9095/1901/3357/7472/57142/65009/6586/4208/55742/7291/23414/7422/23768/5469/6654/4091/2702/8321/6926/6909/4487/659/57534/4853/10512/7048/60485/1499/51684/4092/5629/187/5727/23129/10252/585/140706/9510/79363/339829/94/4089/55636/6608/54806/1289/83852/10370/4488","SOX17/HAND2/DCHS1/PKD2/NOS3/ALDH1A2/TMEM100/TEK/YAP1/ACTC1/TNNI1/SMARCD3/EDNRA/EGLN1/ILK/HEY2/RYR2/TNNT2/HEYL/TBX19/S1PR1/HTR2B/WNT2/RTN4/NDRG4/SLIT3/MEF2C/PARVA/TWIST1/ZFPM2/VEGFA/FLRT2/MED1/SOS1/SMAD6/GJA5/FZD1/TBX3/TBX2/MSX1/BMPR2/MIB1/NOTCH2/SEMA3C/TGFBR2/SAV1/CTNNB1/SUFU/SMAD7/PROX1/APLNR/PTCH1/PLXND1/SPRY1/BBS4/CCM2L/ADAMTS1/CPLANE2/CCDC39/ACVRL1/SMAD4/CHD7/SMO/AHI1/COL5A1/SETDB2/CITED2/MSX2","ENSG00000164736/ENSG00000164107/ENSG00000166341/ENSG00000118762/ENSG00000164867/ENSG00000128918/ENSG00000166292/ENSG00000120156/ENSG00000137693/ENSG00000159251/ENSG00000159173/ENSG00000082014/ENSG00000151617/ENSG00000135766/ENSG00000166333/ENSG00000135547/ENSG00000198626/ENSG00000118194/ENSG00000163909/ENSG00000143178/ENSG00000170989/ENSG00000135914/ENSG00000105989/ENSG00000115310/ENSG00000103034/ENSG00000184347/ENSG00000081189/ENSG00000197702/ENSG00000122691/ENSG00000169946/ENSG00000112715/ENSG00000185070/ENSG00000125686/ENSG00000115904/ENSG00000137834/ENSG00000265107/ENSG00000157240/ENSG00000135111/ENSG00000121068/ENSG00000163132/ENSG00000204217/ENSG00000101752/ENSG00000134250/ENSG00000075223/ENSG00000163513/ENSG00000151748/ENSG00000168036/ENSG00000107882/ENSG00000101665/ENSG00000117707/ENSG00000134817/ENSG00000185920/ENSG00000004399/ENSG00000164056/ENSG00000140463/ENSG00000101331/ENSG00000154734/ENSG00000132881/ENSG00000284862/ENSG00000139567/ENSG00000141646/ENSG00000171316/ENSG00000128602/ENSG00000135541/ENSG00000130635/ENSG00000136169/ENSG00000164442/ENSG00000120149"
"GO:0060485","mesenchyme development",269,0.398885742784188,2.06357235334711,1.76370373466962e-10,1.45880043149797e-08,1.15638945660314e-08,2710,"tags=31%, list=17%, signal=26%","58/2042/2254/7490/9464/8642/5311/4846/286204/8854/10979/202151/55273/54796/10413/70/2335/1909/4222/9723/23493/1000/9820/80031/26508/147906/56920/3357/7472/6422/57142/4208/7291/23414/161742/84695/6926/6909/4487/659/55698/4017/200734/5159/10512/7048/9475/1499/4092/3082/23275/187/223117/10505/23272/59349/677/6275/2260/23187/10371/5754/3553/157506/10252/1910/79363/94/145258/4089/6608/1277/221662/10370/4488/55734/80237/54756/54437/84541/6093/2932/5594/7474","ACTA1/EPHA3/FGF9/WT1/HAND2/DCHS1/PKD2/NOS3/CRB2/ALDH1A2/FERMT2/RANBP3L/TMEM100/BNC2/YAP1/ACTC1/FN1/EDNRA/MEOX1/SEMA3E/HEY2/CDH2/CUL7/SEMA6D/HEYL/DACT3/SEMA3G/HTR2B/WNT2/SFRP1/RTN4/MEF2C/TWIST1/ZFPM2/SPRED1/LOXL3/TBX3/TBX2/MSX1/BMPR2/RADIL/LOXL2/SPRED2/PDGFRB/SEMA3C/TGFBR2/ROCK2/CTNNB1/SMAD7/HGF/POFUT2/APLNR/SEMA3D/SEMA4F/TASOR/KLHL12/ZFP36L1/S100A4/FGFR1/PHLDB1/SEMA3A/PTK7/IL1B/RDH10/SPRY1/EDNRB/CPLANE2/ACVRL1/GSC/SMAD4/SMO/COL1A1/RBM24/CITED2/MSX2/ZFP64/ELL3/IL17RD/SEMA5B/KBTBD8/ROCK1/GSK3B/MAPK1/WNT5A","ENSG00000143632/ENSG00000044524/ENSG00000102678/ENSG00000184937/ENSG00000164107/ENSG00000166341/ENSG00000118762/ENSG00000164867/ENSG00000148204/ENSG00000128918/ENSG00000073712/ENSG00000164188/ENSG00000166292/ENSG00000173068/ENSG00000137693/ENSG00000159251/ENSG00000115414/ENSG00000151617/ENSG00000005102/ENSG00000170381/ENSG00000135547/ENSG00000170558/ENSG00000044090/ENSG00000137872/ENSG00000163909/ENSG00000197380/ENSG00000010319/ENSG00000135914/ENSG00000105989/ENSG00000104332/ENSG00000115310/ENSG00000081189/ENSG00000122691/ENSG00000169946/ENSG00000166068/ENSG00000115318/ENSG00000135111/ENSG00000121068/ENSG00000163132/ENSG00000204217/ENSG00000157927/ENSG00000134013/ENSG00000198369/ENSG00000113721/ENSG00000075223/ENSG00000163513/ENSG00000134318/ENSG00000168036/ENSG00000101665/ENSG00000019991/ENSG00000186866/ENSG00000134817/ENSG00000153993/ENSG00000135622/ENSG00000163946/ENSG00000117153/ENSG00000185650/ENSG00000196154/ENSG00000077782/ENSG00000019144/ENSG00000075213/ENSG00000112655/ENSG00000125538/ENSG00000121039/ENSG00000164056/ENSG00000136160/ENSG00000132881/ENSG00000139567/ENSG00000133937/ENSG00000141646/ENSG00000128602/ENSG00000108821/ENSG00000112183/ENSG00000164442/ENSG00000120149/ENSG00000020256/ENSG00000128886/ENSG00000144730/ENSG00000082684/ENSG00000163376/ENSG00000067900/ENSG00000082701/ENSG00000100030/ENSG00000114251"
