gene,symbol,baseMean,log2FoldChange,lfcSE,stat,pvalue,padj
ENSG00000000938,FGR,539.183450270758,-0.0177001792004143,0.287555998615636,-0.0615538513737402,0.950918128478786,0.987139722864539
ENSG00000007171,NOS2,136.903169092707,-0.894404057027482,0.570380505647801,-1.56808314479766,,
ENSG00000010671,BTK,260.427939736532,-0.555631897629892,0.300920599751762,-1.84644021741366,0.0648283122247224,0.411806875084968
ENSG00000010704,HFE,642.291252746505,0.174856554591258,0.223108076023518,0.783730278651256,0.433198391911176,0.786218473725093
ENSG00000011600,TYROBP,2676.50371943468,-0.780655832123767,0.324156372405964,-2.40826927550292,0.0160283539935805,0.237120813030271
ENSG00000019582,CD74,144880.096588799,-0.769231916979246,0.357483417570121,-2.15179747974844,0.0314133084419757,0.315695526462683
ENSG00000033327,GAB2,827.203206868724,0.355286255295659,0.267518327833254,1.32808192310888,0.184151044567536,0.592790639148272
ENSG00000035720,STAP1,39.2733030326406,-0.953503457578908,0.335768670534868,-2.83976303107735,0.0045147057752064,0.14089028425404
ENSG00000047621,C12orf4,1057.02964129584,0.0988361706755706,0.127706747571077,0.773930685381851,0.438971782288231,0.790980777298983
ENSG00000049245,VAMP3,5568.23835276853,-0.0944968418848939,0.12147194488731,-0.777931414307714,0.436609447467246,0.788540633142139
ENSG00000049768,FOXP3,284.38083695671,-0.824680654617011,0.293447597595455,-2.81031659953785,0.0049492787429375,0.146437619222636
ENSG00000063176,SPHK2,671.98901512921,0.196034662360398,0.140848339637196,1.39181379677853,0.163978790947855,0.568808975895591
ENSG00000066294,CD84,562.081999819564,-0.624718008187693,0.365678557383351,-1.70838020325262,0.0875658181341216,0.462127947637044
ENSG00000066336,SPI1,1168.26637525943,-0.681396353849711,0.299545229768468,-2.27476950434628,0.0229197605265063,0.273490565835252
ENSG00000067369,TP53BP1,1865.57630290499,0.287503272063519,0.196644778893284,1.46204376074253,0.143729218447669,0.547565218969424
ENSG00000067606,PRKCZ,928.577516093492,-0.102208677243713,0.149452486282922,-0.683887433295861,0.494046249997353,0.818766064137426
ENSG00000072274,TFRC,17502.3546732618,0.757784555059627,0.256415067108456,2.95530431813161,0.0031236077650964,0.118143154780349
ENSG00000073008,PVR,2971.7745980091,-0.0826193915766382,0.2133190984984,-0.387304241196472,0.698530986070768,0.909191542812572
ENSG00000073861,TBX21,126.00942113525,-1.11138525733981,0.383801293013819,-2.89573088358457,0.0037827664674019,0.129959164185621
ENSG00000076242,MLH1,1940.60258704093,0.168757664728262,0.123755279985761,1.36364011901294,0.17268085890486,0.579350506738698
ENSG00000076944,STXBP2,2992.50656992531,-0.417658287374077,0.185258257015831,-2.2544651671768,0.0241669196219431,0.281182207243731
ENSG00000077238,IL4R,7901.50636539485,-0.224524401354197,0.237255990912775,-0.946338174603739,0.343976128349809,0.7341344582265
ENSG00000079785,DDX1,6690.88008337481,0.102602437401386,0.0991233333663427,1.03509873928659,0.300622801284307,0.706081941958064
ENSG00000079950,STX7,2374.45396133994,0.16291577253852,0.110660138027777,1.47221732632962,0.140962200052939,0.54424801009542
ENSG00000080345,RIF1,3516.77616715728,0.0179538915368117,0.0970406507219837,0.185014129679001,0.853217953017489,0.959292347820805
ENSG00000081237,PTPRC,2008.66296068501,-0.665282985052389,0.359004602073875,-1.85313219164664,0.0638634137613098,0.409050289141398
ENSG00000085265,FCN1,115.760491494903,0.0156336884425595,0.385115180957742,0.0405948381564189,0.96761889932082,0.990483689478099
ENSG00000088888,MAVS,4764.29757315467,-0.11376796588847,0.135496805129215,-0.839635781670102,0.401112630467497,0.767996622751529
ENSG00000089041,P2RX7,117.635406062298,-0.313029813860179,0.376751294691329,-0.830865927392878,0.406049373820979,0.769737236203413
ENSG00000089692,LAG3,1038.9588589707,-1.56719593408269,0.391317248711619,-4.00492423792346,6.20373608861746e-05,0.0148850892776265
ENSG00000092929,UNC13D,3240.85272652845,0.0603838617011442,0.305628207978342,0.197572933796161,0.84337921304486,0.957029994501968
ENSG00000095002,MSH2,3091.4333409251,0.0835521827116651,0.134744627454557,0.620078026783246,0.535206417849449,0.835821189107713
ENSG00000095970,TREM2,728.348019169646,-0.700678363284542,0.382267470554614,-1.83295314735507,0.0668095389895782,0.4181222862949
ENSG00000096717,SIRT1,1091.75731876157,0.0108067898692635,0.155950816967946,0.0692961414333897,0.944753897046656,0.985841318500167
ENSG00000096996,IL12RB1,294.859325299383,-0.715614693655651,0.348035573376753,-2.05615387735377,0.0397676864068376,0.342311462185895
ENSG00000100078,PLA2G3,276.503667986227,-0.832184688795049,0.581677792704349,-1.43066264387718,0.152526924343143,0.556975081603405
ENSG00000100219,XBP1,10880.5502120927,-0.14313678910297,0.252566961702195,-0.566728079311277,0.570898940503036,0.853955028824847
ENSG00000101017,CD40,1721.00242779559,-0.0497870585515779,0.279947272041364,-0.177844414016013,0.858845165961478,0.961355216119473
ENSG00000103241,FOXF1,135.406249507831,-0.2301191158051,0.304400931745254,-0.755973756340803,0.449664930507329,0.794499566471658
ENSG00000103257,SLC7A5,18440.4719053303,-0.0955245949940673,0.372550346892248,-0.2564072099004,0.797636421212445,0.94416239653823
ENSG00000103490,PYCARD,1412.43568746648,-0.913855636894425,0.242744450439028,-3.7646818917657,0.0001667612424987,0.0275353294603295
ENSG00000103496,STX4,3040.61433005574,-0.37155213158352,0.145734703594239,-2.54951032540618,0.0107874316634078,0.203832081041577
ENSG00000104312,RIPK2,1204.10170409021,-0.0136818873460019,0.16822710173571,-0.0813298642420681,0.93517962442146,0.982743858560711
ENSG00000104972,LILRB1,318.78520288548,-0.577867156863301,0.347826306558082,-1.66136702707047,0.0966397558395982,0.47932819466178
ENSG00000105220,GPI,22947.8292210437,-0.202093006863849,0.180115759168727,-1.12201735037818,0.26185506287231,0.67111743726814
ENSG00000105329,TGFB1,4342.09063108177,-0.0945489823572651,0.250331898512326,-0.377694504452494,0.705657550749337,0.910049875735099
ENSG00000105372,RPS19,74488.8859072251,-0.680388316907547,0.237874675791017,-2.86028058533351,0.0042326633438311,0.136301901400028
ENSG00000106100,NOD1,527.620672451198,0.31445332642025,0.15522111590802,2.0258411658797,0.0427810639043895,0.352332697031275
ENSG00000107338,SHB,1282.43553540411,-0.352207152198248,0.21654168136757,-1.62650973232443,0.103841264697209,0.491951593766874
ENSG00000107371,EXOSC3,1050.74800080419,-0.159532607206472,0.119887829973504,-1.33068224891325,0.183293586288434,0.592214397511266
ENSG00000107485,GATA3,1077.88971066954,-0.368547911235554,0.389253429157513,-0.946807102080584,0.34373708213767,0.733863630360416
ENSG00000108771,DHX58,1300.58379364406,-0.121532545892605,0.209056245451916,-0.581338986691783,0.561012009685503,0.848986677088654
ENSG00000109684,CLNK,51.5926415498574,-0.969760894839737,0.376336025378269,-2.57684842652253,0.0099705661425934,0.199053056515802
ENSG00000109685,NSD2,7104.521057884,-0.0234187939680787,0.145907034720886,-0.160504899663528,0.872483362292158,0.967074816757498
ENSG00000109943,CRTAM,117.356489869837,-1.19848370156374,0.431752521151651,-2.77585802710988,0.00550562441302,0.15743830258163
ENSG00000110066,KMT5B,2498.90975409313,0.0339501492838179,0.136920506152677,0.247955183907667,0.804169082167105,0.945733540661146
ENSG00000110169,HPX,44.4561071206256,-0.416735083424358,0.36035628532628,-1.1564529339263,0.247495940546823,0.659207389831943
ENSG00000110218,PANX1,1356.86875043346,0.435591541681712,0.21526667330978,2.02349734394266,0.0430218971442654,0.352500882479558
ENSG00000110651,CD81,18962.9936858765,0.156278733561871,0.211764321539082,0.737984247894323,0.460524021363128,0.801165629104727
ENSG00000110944,IL23A,259.730613036148,-0.236791207956726,0.355053661232346,-0.666916677143545,0.504825357709822,0.823615202942135
ENSG00000111537,IFNG,86.0649263503334,-1.17725737629345,0.479680090583791,-2.45425524094751,0.0141176735117738,0.227475370261162
ENSG00000111679,PTPN6,3535.2355955655,-0.359516417861477,0.146340568401412,-2.45671054710765,0.0140215610934541,0.227202542793435
ENSG00000111981,ULBP1,156.989614939871,0.946830795077479,0.390968797905403,2.4217553936531,0.0154457433411942,0.2336796401452
ENSG00000113302,IL12B,14.3841712249615,-0.0189509941711494,0.431765834538926,-0.0438918336171429,0.96499062485866,0.989635862022673
ENSG00000114013,CD86,553.301882727161,-0.698875117076621,0.3158689784803,-2.21254749497411,0.0269288583068603,0.297924746513074
ENSG00000114251,WNT5A,2176.78581386627,0.432049717170005,0.367006551970555,1.17722616898858,0.239105246333693,0.652203163475284
ENSG00000114520,SNX4,2058.13423023385,-0.0530772110408412,0.115302292156068,-0.460330927064298,0.645278705562683,0.888770275596068
ENSG00000115594,IL1R1,2488.69417678014,0.178156819900415,0.239877878218988,0.742697997927817,0.457664542145405,0.799806157867855
ENSG00000115604,IL18R1,220.805085498232,-0.266575813016739,0.278725831391136,-0.956408710618043,0.338865785648153,0.730430555804807
ENSG00000115607,IL18RAP,106.51088278048,-0.922740496393082,0.348677341136453,-2.64640223934705,0.0081353016088946,0.177956825507388
ENSG00000116670,MAD2L2,2318.43731108104,-0.227071181358895,0.168557656586547,-1.34714249092745,0.177934345468147,0.586469158404993
ENSG00000117090,SLAMF1,163.545073752809,-0.67287341902942,0.34491070488294,-1.95086267113045,0.0510733842260471,0.377059080853451
ENSG00000117281,CD160,32.7175813033531,-0.321553356693368,0.308294814262917,-1.04300605075746,0.296945490392635,0.703470371871229
ENSG00000117335,CD46,14149.8030444793,0.319074210190565,0.150682866454458,2.11752150525356,0.0342156121228939,0.326344683080223
ENSG00000117586,TNFSF4,155.717979734813,0.0755361882242501,0.322016171307921,0.234572654899434,0.814540435631967,0.949120056647441
ENSG00000118004,COLEC11,133.264477794072,0.602803504070708,0.410192555603431,1.46956227224536,0.141680344617708,0.544889106886261
ENSG00000118520,ARG1,12.6862647714964,-0.816024766775332,0.396509838010307,-2.05801896586011,0.0395883128339958,0.342216251559623
ENSG00000118640,VAMP8,9463.72891563903,-0.249056376055628,0.186182619266613,-1.33769938910882,0.180994450214112,0.589518548783344
ENSG00000119508,NR4A3,318.757297485644,-0.285280505145507,0.372872472110471,-0.765088673698032,0.44421874386665,0.793128581955298
ENSG00000121236,TRIM6,267.826633994384,0.770516874525621,0.347925568586558,2.21460261646142,0.0267873522793942,0.297242659342293
ENSG00000121594,CD80,52.4941794557363,-0.488557160664402,0.364236270444353,-1.34131935863604,0.179816787165359,0.588521372994018
ENSG00000121807,CCR2,125.249716637442,-0.590176867013612,0.397624818147032,-1.48425561000918,0.137741121834061,0.539186351192214
ENSG00000122122,SASH3,660.019577574475,-0.646562501048893,0.315743452346665,-2.04774634673662,0.0405848600070031,0.344226022838171
ENSG00000122223,CD244,117.156976526663,-0.799838827221303,0.35882948939481,-2.22902200309759,0.0258124408222911,0.291238678374064
ENSG00000122376,SHLD2,1098.99098916704,-0.0216063154920611,0.147091322953224,-0.146890483124773,0.883218463805105,0.969295283094975
ENSG00000122512,PMS2,578.438443746607,0.283700631716827,0.146491380911422,1.93663702227211,0.0527897290585252,0.381673684137685
ENSG00000123496,IL13RA2,29.5729540071898,-0.270443127434287,0.451396434232922,-0.599125528968484,0.549089178867048,0.843518750568467
ENSG00000124333,VAMP7,2492.68353022203,-0.2824693802611,0.132895434040712,-2.12550101739814,0.0335448292663522,0.325015340377536
ENSG00000125538,IL1B,892.62661695691,0.637561953391802,0.423421229380867,1.50573922409147,0.132134130522696,0.53339574836972
ENSG00000125730,C3,28492.452780115,0.0344811433041813,0.455973485668588,0.075620939348309,0.939720676972039,0.983746708225549
ENSG00000126262,FFAR2,126.118199657662,-0.51325872241701,0.375955267747856,-1.3652122112603,0.172186361447686,0.578746624313319
ENSG00000126759,CFP,14.047595273019,-0.587768710623714,0.264136472890399,-2.22524630616842,0.0260647078070296,0.293223189073075
ENSG00000126804,ZBTB1,1663.921696793,0.20514429138651,0.133707882556417,1.53427223185552,0.124962694085747,0.522932652906631
ENSG00000127191,TRAF2,2865.61069207465,-0.58956965534691,0.192646817736025,-3.06036539962353,0.0022106710230586,0.101637916856555
ENSG00000127507,ADGRE2,491.672719837108,0.191401756620106,0.377356524363493,0.507217297866925,0.612002359201649,0.873094918114951
ENSG00000127666,TICAM1,2189.46355302314,-0.129224660092136,0.188502946810626,-0.685531246479442,0.493008750174506,0.818005658312233
ENSG00000128340,RAC2,3013.03280268334,-0.457692549646589,0.276393084203197,-1.65594790827004,0.0977323684426607,0.481130314162201
ENSG00000128590,DNAJB9,1230.8753258377,0.006471827948823,0.15320336775212,0.0422433791357271,0.966304681855887,0.99043011307416
ENSG00000128604,IRF5,1884.13194243956,-0.0397858863865187,0.277546466658314,-0.143348560208835,0.88601490630642,0.970172418865759
ENSG00000130202,NECTIN2,7632.04310891292,-0.209243045331441,0.19940656989836,-1.04932874297018,0.294026841520848,0.700446195841473
ENSG00000131015,ULBP2,741.340393995533,-0.0651843513605255,0.365757227300753,-0.178217534733568,0.858552139436263,0.961355216119473
ENSG00000131019,ULBP3,429.562849904665,0.190974903731494,0.270631826388743,0.705663137554165,0.480397650122155,0.8116389388575
ENSG00000131759,RARA,1376.20209021879,0.157653502611361,0.15199716958734,1.03721341021927,0.299636409673024,0.705745486685858
ENSG00000132466,ANKRD17,4292.20333087649,0.162805696153069,0.135296148434149,1.20332838766884,0.228849267917885,0.640577838798494
ENSG00000133216,EPHB2,2069.96853853305,-0.223253477417288,0.301205791836967,-0.741199151768399,0.458572697650856,0.800234539292159
ENSG00000133247,KMT5C,1223.58873364445,-0.157001136313304,0.166476862578179,-0.943080821453941,0.345639564662043,0.734621613141914
ENSG00000134242,PTPN22,331.721959186975,-0.833699939631917,0.335024174266285,-2.48847696276769,0.0128291548488335,0.216250825311403
ENSG00000134321,RSAD2,2388.83074294437,0.358448874090175,0.399881492384584,0.896387757164413,0.370045703730723,0.750912884110947
ENSG00000134539,KLRD1,343.49272653212,-1.31527687051538,0.40763881475336,-3.22657417035025,0.0012528175691577,0.0728722219393434
ENSG00000134545,KLRC1,72.0383190540472,-0.548071408012444,0.383968509317632,-1.42738634735032,0.15346856389942,0.557672477972859
ENSG00000135046,ANXA1,47136.2696413912,-0.433325732888083,0.311652291245751,-1.39041407703429,0.164403174242574,0.568860977630407
ENSG00000135218,CD36,914.012492850296,2.95026765580034,0.431007540699885,6.84504881517754,,
ENSG00000135341,MAP3K7,2505.22784264542,0.114445075744436,0.103236086658622,1.10857626871192,0.267613020362804,0.676343900706256
ENSG00000136044,APPL2,2507.43177183098,-0.139356065045937,0.165983850326538,-0.839576047740691,0.40114613362848,0.767996622751529
ENSG00000136244,IL6,398.804506888735,-1.56609330087868,0.52897537322993,-2.96061665652996,0.0030702382325746,0.117507320458918
ENSG00000136630,HLX,128.329026511801,-0.0661427272986919,0.233499590260016,-0.28326699513707,0.776972175624561,0.936670480642563
ENSG00000136634,IL10,36.9970371125574,-0.129115915121457,0.295601709462832,-0.436790150354972,0.6622635428403,0.895221739776025
ENSG00000136854,STXBP1,1213.86917363764,-0.281016813291013,0.263016794357906,-1.0684367664698,0.285323539704735,0.695262103446344
ENSG00000136869,TLR4,445.243546770314,-0.364625948674537,0.306797687122474,-1.18848988756874,0.234640461538795,0.64654292830846
ENSG00000137033,IL33,1809.72971234763,0.073951339149442,0.539567446124951,0.137056710297375,0.890985969661077,0.971616168835987
ENSG00000137628,DDX60,3348.35626448004,0.409710697625482,0.309041026930729,1.32574856385433,0.184922995536755,0.594074794866613
ENSG00000138207,RBP4,138.374017728253,-0.11881760192446,0.600329897953971,-0.197920513919782,0.843107253868228,0.9569631894745
ENSG00000138623,SEMA7A,1035.15296081368,-0.180800882534287,0.318595656037675,-0.567493244518395,0.570379115019374,0.853955028824847
ENSG00000140992,PDPK1,1404.61903407312,0.115803575303349,0.12680400237582,0.913248581540288,0.361111818409334,0.745627683675371
ENSG00000141968,VAV1,726.877579432507,0.0382387809022235,0.280148436061372,0.136494714872678,0.891430202370485,0.971616168835987
ENSG00000142748,FCN3,84.3649247406895,-0.447068876201172,0.24797651371151,-1.80286781804377,0.0714089762276268,0.429123957989776
ENSG00000142867,BCL10,1820.32131806031,0.0531979878790856,0.146991119954534,0.361912936615086,0.71741709232136,0.914313285181787
ENSG00000143184,XCL1,98.8554190404918,-0.559221558112785,0.413950864873576,-1.35093704486782,0.176715600204922,0.584585255654197
ENSG00000144381,HSPD1,18679.8481756536,-0.176139174137301,0.153652835310071,-1.14634509530431,0.251652390829298,0.662274912352134
ENSG00000144802,NFKBIZ,2725.29591797137,0.0443440169862922,0.269524211321177,0.164527026232348,0.869316272777497,0.96509692631371
ENSG00000145868,FBXO38,1583.32425364863,0.107816609827369,0.0959070608841764,1.12417802019369,0.260937511981486,0.669723622595304
ENSG00000149177,PTPRJ,1293.64048624319,-0.353807426448473,0.220931088785994,-1.60143793430172,0.109279956435317,0.499846279855715
ENSG00000150337,FCGR1A,208.001493906957,-0.89098435319106,0.362519436685695,-2.45775608981635,0.0139808091938682,0.227184450773588
ENSG00000150637,CD226,150.432895341942,-0.676360668020861,0.292994674725167,-2.30844014026977,0.0209746685867155,0.26249960131834
ENSG00000150782,IL18,1854.13749729208,-0.540827083300571,0.331113466252405,-1.63335876798288,0.102393563498642,0.489068603758988
ENSG00000151422,FER,949.511558271262,0.262020282443522,0.196156355876275,1.33577258444172,0.181623616455718,0.589518548783344
ENSG00000152495,CAMK4,309.63269179549,0.145588067597962,0.294439422289894,0.494458474567381,0.620982426060253,0.877275545111281
ENSG00000153029,MR1,2169.35103807548,0.165481590073394,0.241108971663667,0.686335265467565,0.492501715545404,0.817871346806015
ENSG00000153310,CYRIB,4141.89826364145,-0.009864472708008,0.133005379184342,-0.0741659680871714,0.940878324778708,0.983746708225549
ENSG00000154269,ENPP3,62.4520840439091,0.366495081693701,0.524056515275742,0.69934266822513,0.484337907739703,0.81337411540364
ENSG00000154710,RABGEF1,146.871732799419,0.31176579902011,0.190868062060952,1.63340998831198,0.102382797715361,0.489068603758988
ENSG00000155918,RAET1L,329.677199360984,-0.542157561693828,0.532581281310677,-1.01798088051383,0.308687042346184,0.712655380501039
ENSG00000156515,HK1,9367.45382939037,-0.257968746323921,0.145280437599543,-1.7756605816056,0.0757888781780354,0.437853278142179
ENSG00000157212,PAXIP1,787.618886202223,0.175211130452867,0.164886072740946,1.06261934401302,0.287954611018172,0.697051507580313
ENSG00000157404,KIT,561.21507203898,-0.566065216972445,0.462960954611391,-1.22270617280803,0.221440694677612,0.632522936657255
ENSG00000157873,TNFRSF14,3159.43308575063,-0.117375293053874,0.257462640015231,-0.455892525016173,0.648467265021939,0.890532833816851
ENSG00000158473,CD1D,82.3751805974556,-0.0999696070181129,0.296502783312679,-0.337162457300407,0.735994436732511,0.921809436770572
ENSG00000158477,CD1A,237.756593139043,-2.19865162438609,0.507794732931017,-4.32980391839704,1.49242169749485e-05,0.0065516507002896
ENSG00000158481,CD1C,74.2366220005818,-0.580050465883294,0.406609966330846,-1.426552504646,0.153708922646471,0.557989311898113
ENSG00000158485,CD1B,19.2298218758535,-1.29381507668412,0.523969985357308,-2.46925418027874,0.013539500751023,0.222843058448778
ENSG00000158488,CD1E,84.138966074698,-1.74325800104994,0.491123857742429,-3.5495282372623,0.0003859220737081,0.0425586224873266
ENSG00000159674,SPON2,2504.58067305374,0.65736416934256,0.31834016513401,2.064974016288,0.0389254588962177,0.340536312790459
ENSG00000160255,ITGB2,4617.86748149749,-0.626512694679303,0.324566893224714,-1.93030376097397,0.0535692113274864,0.383403374540388
ENSG00000161929,SCIMP,127.868517777807,-0.739236646458047,0.369929433834697,-1.99831800026049,0.0456821952307568,0.360468495024751
ENSG00000161955,TNFSF13,261.873826709718,0.133306877150155,0.237216592677943,0.561962701028839,0.574141432160936,0.854727661877201
ENSG00000162511,LAPTM5,4322.38546929677,-0.82094134835789,0.305226061300983,-2.68961747518788,0.0071533964333564,0.16969287973323
ENSG00000162711,NLRP3,130.351378234075,-0.552135161249919,0.323201049716596,-1.70833344054442,0.0875744897329588,0.462127947637044
ENSG00000162739,SLAMF6,300.085482899301,-1.22548048339562,0.382201602955778,-3.20637190927065,0.001344201346394,0.0743158694639469
ENSG00000162889,MAPKAPK2,8687.25641274513,-0.112651484797861,0.122272335250852,-0.921316212426531,0.356885359149784,0.743125310862744
ENSG00000163251,FZD5,933.967203369802,-0.057173959223736,0.240921049035547,-0.237314088796368,0.812413132977408,0.948547505351063
ENSG00000163362,INAVA,3208.2414488825,-0.132890660653142,0.272742661257357,-0.487238263499041,0.626089492331742,0.879296711564499
ENSG00000164251,F2RL1,2175.82942870832,-0.07134987667303,0.292735369661422,-0.243735072927994,0.807436008105544,0.946349754159978
ENSG00000164342,TLR3,670.165348791196,0.250010477613655,0.258963138638109,0.965428820983802,0.334330071617788,0.727191583535801
ENSG00000164520,RAET1E,175.523895062181,-0.568329204007367,0.463989242865185,-1.22487581931398,0.220622012393804,0.631358856190692
ENSG00000165025,SYK,4112.90947073932,-0.231118122095766,0.250035416367996,-0.924341541102368,0.355308520857102,0.741606008231275
ENSG00000165732,DDX21,5814.21339571686,0.095667087311857,0.181578014054813,0.526864928057745,0.598287390579042,0.865269921013328
ENSG00000166710,B2M,180971.964211495,0.0735023832061051,0.254604726703084,0.28869213921477,0.772816978698835,0.935162816908238
ENSG00000166747,AP1G1,4991.65132142745,0.0684672110612299,0.120700218447981,0.567250100634556,0.570544273701389,0.853955028824847
ENSG00000166888,STAT6,10526.002479641,-0.01763391712774,0.146763613425212,-0.120151832706994,0.904362873193509,0.97407563167283
ENSG00000167191,GPRC5B,1001.2873560927,-0.0276858211623073,0.382686136236731,-0.0723460260007454,0.942326537180423,0.984555212238505
ENSG00000167207,NOD2,473.649235043932,0.160757497052744,0.310525536576384,0.517694933644209,0.604671133648697,0.868315726421897
ENSG00000167604,NFKBID,439.642074927383,-0.311927992033601,0.178806938427008,-1.74449601775904,0.0810726352014629,0.449676904192588
ENSG00000167754,KLK5,1570.8335509445,-1.11361562316718,0.727595385702751,-1.53054244852252,0.125882514752881,0.524715498519339
ENSG00000167851,CD300A,461.609549241597,-0.631165563268103,0.262755709101832,-2.4021002832844,0.0163012388926119,0.237453394858748
ENSG00000168040,FADD,188.1388514493,0.720886899830646,0.21794654003047,3.30763176937731,0.0009408843615859,0.0636485473855243
ENSG00000168811,IL12A,42.9050125258508,-0.664873718167535,0.382731451709908,-1.73718077047788,0.0823552680215715,0.451361180379279
ENSG00000168961,LGALS9,3688.22933351968,-0.597813297163242,0.26888309529482,-2.22332049736248,0.0261941963296865,0.29401004567253
ENSG00000169035,KLK7,1164.65614096497,-0.65204816350112,0.647552502385259,-1.00694254303597,0.313962386156193,0.715506140329002
ENSG00000169403,PTAFR,1832.24928876646,-0.231318168225171,0.264461486601601,-0.874676200295438,0.381750113318951,0.756977088393052
ENSG00000169896,ITGAM,549.361386015019,-0.275132384363888,0.322277726973641,-0.853712066755366,0.393264546548082,0.763267236702773
ENSG00000170425,ADORA2B,702.010210739973,-0.173316713960006,0.274387783780179,-0.631648798544384,0.527616392046633,0.83150209740082
ENSG00000170476,MZB1,1322.92159286161,-1.25575187342206,0.452548533647998,-2.77484464108066,0.0055228083306899,0.157543862677416
ENSG00000171150,SOCS5,1112.68401921343,0.297882231840167,0.127322911420068,2.33958074409235,0.019305398015856,0.253206441325362
ENSG00000171984,SHLD1,299.349012204383,-0.199562376103406,0.156199603831808,-1.27761128202534,0.201386520580598,0.613118078650097
ENSG00000172175,MALT1,2259.88009637703,0.0467170812075251,0.192999949365602,0.242057479087875,0.808735625313019,0.947143400114911
ENSG00000172243,CLEC7A,1391.21630185425,-0.352796890696722,0.437888134547572,-0.805678123846023,0.420428466433232,0.77962800755328
ENSG00000172575,RASGRP1,542.47099525471,0.0197953274942326,0.325537975284147,0.0608080439062575,0.951512084067741,0.987139722864539
ENSG00000172724,CCL19,832.370533786696,-1.75004156415321,0.591311068963493,-2.95959547522228,0.0030804323456574,0.117507320458918
ENSG00000172936,MYD88,3521.91525369554,0.0759260804813048,0.163995014342933,0.462977980065508,0.643380150798038,0.887442576835671
ENSG00000173757,STAT5B,2891.67787716501,0.305664639963033,0.135278855640187,2.2595152695262,0.0238513515668538,0.279592013138342
ENSG00000174953,DHX36,3182.60292642324,0.0015367382703056,0.137734245998076,0.011157270722106,0.991097970644911,0.996862056178758
ENSG00000175104,TRAF6,919.219814049667,0.278043274397429,0.15801878507419,1.75955836052585,0.0784827168573535,0.444962291069982
ENSG00000175505,CLCF1,546.430974080236,-0.189064447606501,0.301601330091348,-0.626868746066995,0.530745275747997,0.833146622897448
ENSG00000176208,ATAD5,816.898369945585,0.144043232548394,0.158048174205824,0.911388146507843,0.362090896937825,0.746444866878406
ENSG00000178562,CD28,117.270073208457,-0.752862778520171,0.364351396328119,-2.06630957396462,0.0387992579943806,0.340025613508483
ENSG00000179348,GATA2,1180.60027956781,0.141549909368787,0.329888014680635,0.429084728967257,0.667861565177327,0.898832795342948
ENSG00000179630,LACC1,535.970853437544,0.0803969070475451,0.178972535080469,0.449213657343555,0.653277536304852,0.891996074906355
ENSG00000182511,FES,987.805355185466,-0.184488689582601,0.24780244733292,-0.744499061927108,0.456574608519134,0.799083620745364
ENSG00000182985,CADM1,1111.4198893901,0.0356575968368114,0.420312006076144,0.0848360178185147,0.932391758666933,0.981411189669575
ENSG00000183624,HMCES,6721.5970853253,-0.334684253782821,0.152570447249139,-2.19363749544695,0.0282614805985161,0.303395391539832
ENSG00000183918,SH2D1A,177.73845289441,-1.07019642826285,0.409219025450455,-2.61521669742704,0.0089170861656876,0.188870034703861
ENSG00000185896,LAMP1,18280.0523838562,0.22271715258924,0.115489214360362,1.92846711983246,0.0537970501948519,0.38459380949355
ENSG00000186827,TNFRSF4,218.527315052967,-0.789646524518976,0.3071839331899,-2.57059839139054,0.0101522983239094,0.200488831605478
ENSG00000187796,CARD9,397.860619789675,0.71836844159858,0.324325255378861,2.21496300298729,0.02676260403978,0.297242659342293
ENSG00000187997,C17orf99,49.9705263826984,-1.75906331929102,0.464774755334858,-3.78476519884059,0.000153853767271,0.0262803126281732
ENSG00000188372,ZP3,454.498668443983,-0.336904480848161,0.259877452362337,-1.2963975049995,0.194838571223499,0.604713821446786
ENSG00000189013,KIR2DL4,91.1504722839683,-1.17164825616904,0.412852709772413,-2.83793282310031,0.004540673794248,0.14089028425404
ENSG00000196126,HLA-DRB1,32386.0375870268,-0.652881808320091,0.383462587744683,-1.70259584425167,0.0886437283265387,0.463079613217329
ENSG00000196352,CD55,12678.7152198285,-0.480599472149782,0.403156572023304,-1.19209137466821,0.233225418675529,0.645670852902157
ENSG00000196535,MYO18A,3179.85668140067,0.297180226620497,0.191085729480603,1.5552193637289,0.119893834116363,0.515686586276066
ENSG00000196664,TLR7,122.950897422376,-0.618912143971315,0.35205201429369,-1.75801335837551,0.0787452364156331,0.445381897016008
ENSG00000196843,ARID5A,1413.44692449128,-0.267592477204407,0.199419439060713,-1.34185753638058,0.179642192382652,0.588521372994018
ENSG00000197943,PLCG2,794.96834909114,0.0318711586177915,0.219861096901531,0.144960427592452,0.884742115907464,0.969799926730618
ENSG00000198574,SH2D1B,50.4857243533612,-0.556550885563929,0.388010609289524,-1.4343702781298,0.151466624700503,0.555685297581662
ENSG00000203710,CR1,70.1820987275768,0.0456499508447995,0.435963311577039,0.104710533277828,0.916605503566599,0.976576293122091
ENSG00000203722,RAET1G,183.548746668874,-0.383493525091616,0.425230122545407,-0.901849386388815,0.367136880986231,0.7488262436267
ENSG00000204267,TAP2,4132.65591580358,-0.0969333423650089,0.258627764774723,-0.374798670395819,0.707810203183642,0.91056175451832
ENSG00000204287,HLA-DRA,45930.1048244079,-0.292641740293339,0.352065726955086,-0.831213372640137,0.405853101657227,0.769737236203413
ENSG00000204475,NCR3,41.1752528538227,-0.873162675766901,0.366947207975766,-2.37953214192208,0.017334631187178,0.241390993883004
ENSG00000204516,MICB,761.228057272567,0.0312318010451433,0.345670830387879,0.0903512772833564,0.928008073360276,0.979415255980783
ENSG00000204520,MICA,1264.54474861915,0.295604297370911,0.201458671480503,1.46731979913568,0.142289080178468,0.545950442710729
ENSG00000204525,HLA-C,89548.5987263396,-0.0830947651501231,0.291848303956386,-0.284719027055031,0.775859412248414,0.936109634875363
ENSG00000204592,HLA-E,48727.9809376517,-0.187120648948236,0.239629254591919,-0.780875645867598,0.43487563724578,0.787496958430028
ENSG00000204632,HLA-G,277.128049934362,0.146224266336329,0.353859294952543,0.413227145427787,0.679440201561908,0.903175531092855
ENSG00000204642,HLA-F,8952.94186081526,-0.342587152785012,0.341243388930145,-1.00393784582635,0.315408573188368,0.715962442521255
ENSG00000204936,CD177,507.141864877721,-2.06022895492424,0.569518626476823,-3.61749178893288,0.0002974717645368,0.0359683182380123
ENSG00000205809,KLRC2,29.6246424924991,-1.79643682012373,0.482367255513479,-3.724209716954,0.0001959280073591,0.0295345526709576
ENSG00000206503,HLA-A,85322.1826729825,-0.187476085571406,0.307447775093699,-0.609781890645557,0.542006299216879,0.840662319104616
ENSG00000213047,DENND1B,1363.74246887922,0.0076747757027983,0.1674971223886,0.0458203436175614,0.963453443976855,0.989311048464581
ENSG00000213809,KLRK1,29.0811836789202,-0.952178262608822,0.415879342762185,-2.28955411991529,0.0220471772142455,0.269496535176338
ENSG00000215021,PHB2,10636.4118214838,0.0399086909525997,0.154502725815591,0.258304122091887,0.796172205221089,0.943626812514392
ENSG00000223496,EXOSC6,1770.63639916948,-0.0895673037730006,0.113504836212743,-0.789105616655166,0.430050279463443,0.784334297568354
ENSG00000226979,LTA,55.121079188259,-0.772463796465109,0.351096769501144,-2.20014498442314,0.0277966101406237,0.302236342954957
ENSG00000232810,TNF,213.721212442123,0.055804453725255,0.371108166763915,0.150372475528828,0.880470755680766,0.969295283094975
ENSG00000234745,HLA-B,134196.912371601,-0.2666023021827,0.308601875672922,-0.863903699876616,0.387640794177406,0.759849238515966
ENSG00000242574,HLA-DMB,2629.48205201205,-0.510845771366687,0.363204487352424,-1.40649631035809,0.159576799455897,0.564025505108568
ENSG00000253251,SHLD3,144.514329635689,-0.368564623878807,0.164355990272784,-2.24247758336702,0.024930522513313,0.285270569086762
ENSG00000254087,LYN,3274.00224994996,-0.401071418151656,0.202637602489003,-1.9792546557267,0.0477873420713265,0.36613536397121
